births_known,county,fips,low_birth_weight,late_or_no_prenatal,prenatal_known,tobacco_known,tobacco_yes,age_15_19,age_35_plus,age_known,low_birth_weight_pct,late_or_no_prenatal_pct,tobacco_use_pct,maternal_age_15_19_pct,maternal_age_35_plus_pct,fips_st_cnty,st_name_abbrev,ahrf_county,rural_urban_continuum_code,primary_care_hpsa,population_2024,median_household_income,poverty_pct,uninsured_under65_pct,obgyn_count,midwife_count,obstetric_hospital_count,population_density,obgyn_per_100k,midwives_per_100k,obstetric_hospitals_per_100k,log_population_density,cross_validated_prediction,cross_validated_residual
12546,"Baldwin County, AL",01003,1043,2982,12528,12547,514,569,1974,12549,8.3134066634784,23.802681992337163,4.096596796046864,4.5342258347278666,15.730337078651685,1003,AL,"Baldwin, AL",3.0,1,261608.0,75019.0,10.5,10.2,21.0,2.0,2.0,145.8,8.027277453288889,0.7645026145989419,0.7645026145989419,4.9890711161804155,7.9896897248956495,0.3237169385827503
6426,"Calhoun County, AL",01015,585,1693,6436,6437,713,431,679,6439,9.103641456582633,26.305158483530143,11.076588472891098,6.6935859605528805,10.545115701195838,1015,AL,"Calhoun, AL",3.0,1,116427.0,55826.0,17.5,11.8,12.0,0.0,0.0,192.2,10.306887577623748,0.0,0.0,5.263725921778417,9.423952031272286,-0.3203105746896533
5859,"Etowah County, AL",01055,460,1879,5863,5865,443,512,610,5867,7.851169141491722,32.048439365512536,7.553282182438193,8.726776887676836,10.397136526333732,1055,AL,"Etowah, AL",3.0,1,103207.0,53070.0,17.1,11.3,5.0,2.0,0.0,193.3,4.844632631507553,1.937853052603021,0.0,5.269403356383394,9.673461520157396,-1.822292378665674
6444,"Houston County, AL",01069,691,1695,6444,6448,412,489,703,6438,10.723153320918684,26.303538175046555,6.389578163771712,7.595526561043802,10.919540229885058,1069,AL,"Houston, AL",3.0,0,109366.0,57531.0,18.0,11.7,18.0,7.0,1.0,184.9,16.458497156337433,6.400526671909002,0.9143609531298574,5.225208894727398,10.842767444645398,-0.11961412372671454
39451,"Jefferson County, AL",01073,4489,10562,39303,39398,921,1893,6776,39472,11.37867227700185,26.873266671755335,2.3376821158434438,4.7958046209971625,17.166599108228617,1073,AL,"Jefferson, AL",1.0,1,664744.0,64589.0,16.3,9.6,165.0,7.0,2.0,607.0,24.821585452444854,1.0530369585885695,0.300867702453877,6.410174881966167,10.775889444920132,0.6027828320817186
9693,"Lee County, AL",01081,955,2156,9681,9701,241,456,1445,9683,9.852470855256371,22.270426608821403,2.484279971136996,4.709284312713002,14.923061034803263,1081,AL,"Lee, AL",3.0,1,187847.0,61123.0,18.9,10.0,15.0,0.0,0.0,286.8,7.985222015789446,0.0,0.0,5.662265794453267,9.906811198663373,-0.05434034340700222
22365,"Madison County, AL",01089,2252,7530,22307,22360,659,966,3738,22369,10.069304717192042,33.75622002062133,2.947227191413238,4.318476462962135,16.710626313201306,1089,AL,"Madison, AL",2.0,1,423355.0,83528.0,10.5,8.1,49.0,3.0,1.0,484.2,11.574210768740182,0.7086251491065417,0.23620838303551392,6.184561177069895,8.923940159071577,1.1453645581204643
25213,"Mobile County, AL",01097,3054,5724,25188,25226,1235,1636,3278,25232,12.112798952921112,22.72510719390186,4.8957424879093,6.483830057070387,12.99143944197844,1097,AL,"Mobile, AL",2.0,1,412339.0,58119.0,16.3,11.8,77.0,0.0,1.0,337.4,18.673955167956464,0.0,0.2425188982851489,5.824228627732068,10.757804951411364,1.3549940015097484
14694,"Montgomery County, AL",01101,1951,5435,14646,14691,378,1067,2076,14698,13.277528242820198,37.10910828895261,2.5730038799264854,7.259491087222751,14.124370662675194,1101,AL,"Montgomery, AL",2.0,1,225894.0,58153.0,19.3,11.3,25.0,5.0,2.0,291.5,11.0671376840465,2.2134275368093,0.88537101472372,5.678464666671911,10.439577414864722,2.837950827955476
7307,"Morgan County, AL",01103,649,2923,7297,7318,551,485,820,7305,8.881894074175449,40.05755790050706,7.529379611915824,6.639288158795345,11.225188227241615,1103,AL,"Morgan, AL",3.0,1,126084.0,64858.0,13.6,12.3,8.0,0.0,0.0,212.9,6.344976364963041,0.0,0.0,5.36550861608836,8.583166997832937,0.2987270763425123
11627,"Shelby County, AL",01117,1032,2441,11609,11618,235,333,2201,11624,8.87589231960093,21.026789559824273,2.022723360302978,2.864762560220234,18.934962147281485,1117,AL,"Shelby, AL",1.0,0,235969.0,93543.0,6.9,7.6,21.0,1.0,0.0,284.0,8.899474083460115,0.4237844801647674,0.0,5.652489180268651,7.8543520895826004,1.0215402300183287
12593,"Tuscaloosa County, AL",01125,1522,4558,12575,12600,356,726,1613,12602,12.086079568013975,36.24652087475149,2.8253968253968256,5.760990318996985,12.799555626091097,1125,AL,"Tuscaloosa, AL",2.0,1,241212.0,63947.0,16.7,8.8,25.0,0.0,1.0,171.9,10.364326816244633,0.0,0.41457307264978527,5.152713392689245,9.918973743642761,2.1671058243712142
17992,"Anchorage Borough, AK",02020,1279,3963,17591,17616,799,527,3644,17989,7.108714984437528,22.528565743846286,4.535649409627611,2.9295680693757298,20.256823614431042,2020,AK,"Anchorage (B), AK",2.0,1,289600.0,98152.0,9.3,12.1,56.0,35.0,2.0,170.6,19.337016574585636,12.085635359116022,0.6906077348066298,5.145166187053862,8.067440975643473,-0.9587259912059451
6137,"Cochise County, AZ",04003,507,2655,6083,6162,335,410,827,6160,8.261365488023465,43.646227190530986,5.436546575787082,6.6558441558441555,13.425324675324676,4003,AZ,"Cochise, AZ",3.0,1,125773.0,58970.0,15.5,11.2,1.0,7.0,1.0,20.2,0.7950832054574511,5.565582438202158,0.7950832054574511,3.054001181677967,8.288736762833196,-0.027371274809731005
6456,"Coconino County, AZ",04005,492,1619,6134,6470,128,312,1228,6461,7.620817843866171,26.393870231496578,1.9783616692426584,4.82897384305835,19.006345766909146,4005,AZ,"Coconino, AZ",3.0,1,145161.0,69748.0,17.7,13.8,17.0,10.0,2.0,7.8,11.711134533380177,6.888902666694222,1.3777805333388444,2.174751721484161,9.027820522583335,-1.4070026787171637
251438,"Maricopa County, AZ",04013,19556,60379,246134,251448,4969,10442,46493,251624,7.777662883096429,24.530946557566203,1.9761541153638127,4.149842622325374,18.47717228881188,4013,AZ,"Maricopa, AZ",1.0,1,4673096.0,85518.0,11.3,12.5,479.0,111.0,15.0,480.4,10.250163917026313,2.375298945281672,0.32098634395698267,6.1766985253489715,8.717202307318532,-0.9395394242221027
8683,"Mohave County, AZ",04015,660,2252,8559,8702,812,517,1160,8725,7.601059541633076,26.31148498656385,9.33118823259021,5.925501432664756,13.29512893982808,4015,AZ,"Mohave, AZ",3.0,1,226479.0,55799.0,16.8,14.1,9.0,2.0,3.0,16.0,3.973878372829269,0.8830840828509486,1.324626124276423,2.833213344056216,8.59518728454941,-0.9941277429163344
6150,"Navajo County, AZ",04017,513,1896,6031,6157,292,458,881,6164,8.341463414634147,31.43757254186702,4.742569433165503,7.430240103828683,14.292667099286177,4017,AZ,"Navajo, AZ",4.0,1,109516.0,52752.0,24.7,15.4,3.0,7.0,1.0,10.7,2.739325760619453,6.391760108112058,0.913108586873151,2.4595888418037104,8.822696999106643,-0.48123358447249664
49557,"Pima County, AZ",04019,4133,15045,48986,49499,1825,2232,8581,49599,8.339891438141938,30.712856734577226,3.6869431705691023,4.500090727635638,17.300752031290955,4019,AZ,"Pima, AZ",1.0,1,1080149.0,67929.0,14.4,11.3,122.0,51.0,4.0,113.6,11.294738040770302,4.721570820322011,0.37031928002525577,4.741447804280639,8.957701699505453,-0.6178102613635144
25604,"Pinal County, AZ",04021,1818,5953,24946,25615,889,1255,3491,25627,7.10045305421028,23.863545257756755,3.4706226820222525,4.897178756779959,13.622351426230148,4021,AZ,"Pinal, AZ",1.0,1,513862.0,77588.0,10.9,13.2,9.0,9.0,2.0,79.3,1.7514429944226269,1.7514429944226269,0.3892095543161393,4.385769620952716,8.189274024302723,-1.088820970092443
8739,"Yavapai County, AZ",04025,640,1933,8675,8757,605,456,1349,8750,7.323492390433688,22.282420749279538,6.908758707319858,5.211428571428572,15.417142857142856,4025,AZ,"Yavapai, AZ",3.0,1,252013.0,66106.0,12.6,16.1,11.0,4.0,2.0,29.1,4.3648541940296735,1.5872197069198812,0.7936098534599406,3.40452517175483,8.009068158336023,-0.6855757679023347
14408,"Yuma County, AZ",04027,1002,5828,14338,14410,225,879,1876,14415,6.95446973903387,40.64723113404938,1.5614156835530881,6.0978147762747135,13.014221297259798,4027,AZ,"Yuma, AZ",3.0,1,220310.0,60417.0,16.5,16.7,18.0,9.0,1.0,37.0,8.17030547864373,4.085152739321865,0.4539058599246516,3.6375861597263857,8.736053322022917,-1.7815835829890467
19199,"Benton County, AR",05007,1413,5029,19027,19168,678,772,3052,19196,7.359758320745872,26.43086140747359,3.537145242070117,4.021671181496145,15.899145655344864,5007,AR,"Benton, AR",2.0,1,321566.0,89879.0,7.6,10.6,26.0,9.0,1.0,335.4,8.085431917553473,2.798803356076202,0.31097815067513357,5.818300928098793,8.389147391285272,-1.0293890705394002
7397,"Faulkner County, AR",05045,649,1685,7378,7400,431,367,861,7402,8.773827227254293,22.838167525074546,5.824324324324325,4.958119427181843,11.631991353688193,5045,AR,"Faulkner, AR",2.0,1,131611.0,65071.0,15.0,7.6,15.0,0.0,2.0,190.8,11.397223636322193,0.0,1.5196298181762924,5.256453162449338,9.409792902370599,-0.6359656751163065
24441,"Pulaski County, AR",05119,2957,7085,24255,24398,766,1498,3803,24470,12.098522973691747,29.210472067614926,3.139601606689073,6.121781773600327,15.541479362484676,5119,AR,"Pulaski, AR",2.0,1,401209.0,60385.0,16.2,9.0,93.0,10.0,3.0,526.3,23.17993863547428,2.4924665199434712,0.7477399559830413,6.267769646536424,10.952535448604293,1.1459875250874543
6890,"Saline County, AR",05125,610,1519,6870,6898,413,315,912,6898,8.853410740203193,22.110625909752546,5.9872426790374025,4.566541026384459,13.221223543055958,5125,AR,"Saline, AR",2.0,0,131252.0,76534.0,9.1,8.2,6.0,0.0,0.0,170.6,4.571358912626094,0.0,0.0,5.145166187053862,8.421906872040546,0.43150386816264685
7876,"Sebastian County, AR",05131,651,2611,7855,7878,862,540,916,7867,8.265617064499747,33.2399745385105,10.941863417110941,6.864115927291216,11.643574424812508,5131,AR,"Sebastian, AR",3.0,1,130035.0,56450.0,16.3,11.4,13.0,2.0,2.0,240.6,9.997308416964664,1.5380474487637945,1.5380474487637945,5.48728346606066,9.546790959475935,-1.2811738949761882
16262,"Washington County, AR",05143,1249,5248,15908,16169,589,927,2413,16271,7.680482105522076,32.98969072164948,3.6427732079905994,5.697252781021449,14.83006576117018,5143,AR,"Washington, AR",2.0,1,266184.0,66426.0,14.8,14.0,29.0,1.0,1.0,261.2,10.894719442190365,0.37567998076518494,0.37567998076518494,5.569107571329599,9.1235912861886,-1.4431091806665233
83071,"Alameda County, CA",06001,6317,8881,82595,82986,166,1462,28791,83081,7.604338457464097,10.752466856347237,0.2000337406309498,1.759728457770128,34.654132713857564,6001,CA,"Alameda, CA",1.0,1,1649060.0,126240.0,9.2,4.5,309.0,58.0,7.0,2281.3,18.737947679283955,3.5171552278267617,0.42448425163426434,7.732938985409832,7.293521675474162,0.310816781989935
10026,"Butte County, CA",06007,691,2248,9958,9978,621,372,1883,10022,6.892080590464792,22.574814219722835,6.223692122669874,3.711833965276392,18.788664937138297,6007,CA,"Butte, CA",3.0,1,208334.0,68574.0,18.3,7.6,17.0,13.0,1.0,129.3,8.159973888083558,6.2399800320638965,0.47999846400491514,4.869839484130799,8.143921355082352,-1.25184076461756
57302,"Contra Costa County, CA",06013,4279,6141,57096,57167,293,1138,18774,57308,7.467453142996754,10.755569567044978,0.512533454615425,1.9857611502757033,32.75982410832694,6013,CA,"Contra Costa, CA",1.0,1,1172607.0,125727.0,8.3,5.2,144.0,28.0,5.0,1626.3,12.280329215159043,2.3878417918364807,0.4264003199708001,7.394677478666568,7.369779370448534,0.09767377254821952
7580,"El Dorado County, CA",06017,499,1000,7443,7548,152,120,2148,7575,6.58311345646438,13.435442697836894,2.0137784843667195,1.5841584158415842,28.356435643564357,6017,CA,"El Dorado, CA",1.0,1,192823.0,106190.0,8.3,5.2,23.0,2.0,2.0,111.9,11.928037630365672,1.0372206635100585,1.0372206635100585,4.726502471155617,6.546391159671557,0.03672229679282335
68054,"Fresno County, CA",06019,5281,11703,65996,67895,425,3105,12458,68078,7.760014106444882,17.732892902600156,0.6259665660210619,4.560944798613355,18.2995975204912,6019,CA,"Fresno, CA",1.0,1,1024125.0,71434.0,18.7,7.7,89.0,14.0,4.0,169.3,8.690345416819236,1.3670206273648235,0.3905773221042353,5.1375615876686425,9.209217926933597,-1.449203820488715
5862,"Humboldt County, CA",06023,373,1100,5835,5633,297,186,1363,5862,6.3630160354827705,18.851756640959724,5.27250133143973,3.172978505629478,23.251450017059025,6023,CA,"Humboldt, CA",5.0,1,132380.0,61135.0,18.9,7.0,6.0,7.0,1.0,38.2,4.532406707961927,5.287807825955582,0.7554011179936546,3.6686767467964168,7.459683616690646,-1.0966675812078757
11706,"Imperial County, CA",06025,778,5275,11315,11690,15,552,1927,11707,6.646164360157185,46.61953159522757,0.1283147989734816,4.715127701375246,16.46023746476467,6025,CA,"Imperial, CA",3.0,1,181724.0,56393.0,19.6,8.6,6.0,2.0,0.0,43.0,3.301710285928111,1.1005700953093702,0.0,3.784189633918261,8.056692301610571,-1.4105279414533864
61164,"Kern County, CA",06029,4686,10976,56930,60369,613,3357,9770,61178,7.661369432999804,19.279817319515193,1.0154218224585465,5.487266664487234,15.969793062865737,6029,CA,"Kern, CA",2.0,1,922529.0,67660.0,19.0,7.7,75.0,0.0,3.0,111.8,8.129825729055673,0.0,0.3251930291622269,4.725616339063959,7.943241277960105,-0.2818718449603015
10627,"Kings County, CA",06031,734,2127,10588,10624,48,520,1510,10632,6.906935165145384,20.088779750661125,0.45180722891566266,4.890895410082769,14.202407825432656,6031,CA,"Kings, CA",3.0,1,154913.0,68750.0,16.8,7.3,4.0,3.0,0.0,109.6,2.582094465926036,1.936570849444527,0.0,4.7059200890882344,7.935158268104353,-1.028223102958969
471328,"Los Angeles County, CA",06037,35934,65223,462777,470459,1547,12724,140882,471399,7.623990087582321,14.093829209316798,0.3288278043357657,2.69919961646079,29.885935269272952,6037,CA,"Los Angeles, CA",1.0,1,9757179.0,87760.0,13.6,9.4,1232.0,158.0,36.0,2466.9,12.626600372915163,1.6193205023706136,0.3689591018059626,7.811122865565802,8.092262067468539,-0.46827197988621805
10584,"Madera County, CA",06039,679,2022,10222,10568,62,548,1987,10583,6.415343915343915,19.780864801408725,0.5866767600302801,5.178115846168383,18.775394500614194,6039,CA,"Madera, CA",1.0,1,165432.0,75496.0,19.9,9.6,12.0,0.0,0.0,73.1,7.253735673872044,0.0,0.0,4.3054155323020415,7.893804052491487,-1.4784601371475716
10847,"Marin County, CA",06041,582,1521,10836,10844,21,164,4941,10852,5.3655388586706,14.03654485049834,0.19365547768351163,1.5112421673424254,45.53077773682271,6041,CA,"Marin, CA",1.0,1,256400.0,142785.0,7.8,5.1,53.0,12.0,1.0,504.1,20.670826833073324,4.6801872074882995,0.39001560062402496,6.224756429474007,6.916571637202794,-1.5510327785321936
18853,"Merced County, CA",06047,1260,5017,17852,18824,45,1012,3126,18844,6.683286479605368,28.103293748599597,0.23905652358691032,5.370409679473572,16.58883464232647,6047,CA,"Merced, CA",2.0,1,296774.0,65044.0,18.4,8.6,11.0,0.0,2.0,145.1,3.7065241564287974,0.0,0.6739134829870541,4.984291318756654,8.200244405123598,-1.5169579255182306
27206,"Monterey County, CA",06053,1826,5444,27096,27184,93,1379,5718,27203,6.711754759979416,20.09152642456451,0.3421130076515597,5.06929382788663,21.019740469801125,6053,CA,"Monterey, CA",2.0,1,436251.0,94486.0,12.6,11.6,38.0,3.0,3.0,133.8,8.710581752248132,0.6876775067564315,0.6876775067564315,4.9037921984782065,7.934936631603644,-1.2231818716242273
5911,"Napa County, CA",06055,381,690,5889,5901,32,121,1767,5916,6.445609879884961,11.716760061130921,0.5422809693272327,2.0453008789722786,29.86815415821501,6055,CA,"Napa, CA",3.0,1,132727.0,108970.0,8.4,7.4,13.0,9.0,2.0,184.5,9.794540673713714,6.780835851032571,1.5068524113405712,5.22305488204749,6.774928392913615,-0.329318513028654
153575,"Orange County, CA",06059,10629,14708,152841,153427,443,3130,46694,153626,6.921048347712844,9.623072343153996,0.28873666303844825,2.0374155416400868,30.394594664965567,6059,CA,"Orange, CA",1.0,1,3170435.0,113702.0,9.5,7.3,426.0,53.0,8.0,4019.7,13.436641974997121,1.6716948936029281,0.2523313046947816,8.299211295807545,7.8023753492711485,-0.8813270015583043
18831,"Placer County, CA",06061,1052,2357,18729,18809,191,247,5123,18831,5.586532844777229,12.584761599658284,1.0154713169227498,1.3116669321862886,27.205140459879985,6061,CA,"Placer, CA",1.0,1,433822.0,114678.0,6.7,3.7,62.0,8.0,2.0,287.7,14.291575807589288,1.8440742977534565,0.46101857443836414,5.665388086668889,6.533290430075845,-0.9467575852986165
135628,"Riverside County, CA",06065,9892,21804,133778,135293,953,4613,27985,135663,7.293479222579409,16.29864402218601,0.7043971232805836,3.4003376012619504,20.628321649970882,6065,CA,"Riverside, CA",1.0,1,2529933.0,89672.0,11.1,8.3,157.0,27.0,11.0,335.4,6.205697937455261,1.0672219382884842,0.4347941230064195,5.818300928098793,7.738367980002692,-0.44488875742328293
89417,"Sacramento County, CA",06067,6557,12015,87686,89053,1179,2322,21463,89452,7.333057472292741,13.702301393609014,1.323930692958126,2.5958055717032598,23.99387380941734,6067,CA,"Sacramento, CA",1.0,1,1611231.0,88724.0,12.6,5.4,239.0,22.0,7.0,1642.1,14.833378950628433,1.3654156356227007,0.4344504295163139,7.404339980457785,8.292300783095435,-0.9592433108026936
129606,"San Bernardino County, CA",06071,10667,20814,123618,128760,1341,4845,25366,129656,8.230328842800487,16.8373537834296,1.0414725069897484,3.7368112543962484,19.56407725057074,6071,CA,"San Bernardino, CA",1.0,1,2214281.0,82184.0,13.6,8.7,163.0,29.0,9.0,108.7,7.3613059950385695,1.3096802077062486,0.4064524782536634,4.697749367281185,7.433000822134114,0.7973280206663729
183643,"San Diego County, CA",06073,12746,25047,183043,183447,475,3915,49432,183680,6.94064026399046,13.68366995733243,0.25893037226010784,2.1314242160278747,26.912020905923345,6073,CA,"San Diego, CA",1.0,1,3298799.0,102285.0,10.4,7.3,390.0,125.0,10.0,783.5,11.822484486020517,3.789257848083499,0.30314062784667994,6.665046572173087,7.449451375132118,-0.5088111111416582
36344,"San Francisco County, CA",06075,2667,3673,36069,36271,240,434,16730,36342,7.3382126348228045,10.183259863040284,0.6616856441785448,1.1942105552803919,46.0348907600022,6075,CA,"San Francisco, CA",1.0,1,827526.0,141446.0,10.6,4.2,266.0,41.0,4.0,18629.0,32.14400514304082,4.954527108513812,0.48336849839159135,9.832528463595635,7.49200576695717,-0.15379313213436507
48729,"San Joaquin County, CA",06077,3795,7785,45717,48561,455,1866,9996,48735,7.787970202548791,17.028676422337423,0.9369658779679166,3.8288704216682055,20.510926438904278,6077,CA,"San Joaquin, CA",2.0,1,816108.0,88531.0,12.6,7.6,63.0,16.0,5.0,559.6,7.719566527959534,1.9605248324976596,0.6126640101555186,6.329007638730688,8.06924007841103,-0.2812698758622387
12014,"San Luis Obispo County, CA",06079,778,2114,11605,11911,165,356,3083,12021,6.475778258698186,18.216286083584663,1.3852741163630258,2.961484069544963,25.646784793278428,6079,CA,"San Luis Obispo, CA",2.0,1,281843.0,93398.0,12.8,7.2,31.0,9.0,1.0,85.6,10.999031375624018,3.193267173568263,0.354807463729807,4.461299815568389,7.351995705965527,-0.8762174472673419
37092,"San Mateo County, CA",06081,2573,2867,36990,37061,37,582,14679,37096,6.9368057802221506,7.750743444174101,0.09983540649199968,1.568902307526418,39.570304075911146,6081,CA,"San Mateo, CA",1.0,1,742893.0,156000.0,6.5,4.6,143.0,11.0,3.0,1704.0,19.24907086215646,1.4806977586274201,0.40382666144384183,7.4413203897176174,7.425643263073318,-0.48883748285116724
27319,"Santa Barbara County, CA",06083,1835,6761,27219,27271,115,1713,6050,27317,6.716936930341521,24.839266688710094,0.4216933739136812,6.2708203682688435,22.147380751912728,6083,CA,"Santa Barbara, CA",2.0,1,444500.0,95977.0,13.8,9.2,44.0,10.0,3.0,164.0,9.898762654668166,2.249718785151856,0.6749156355455568,5.10594547390058,8.943163942518407,-2.226227012176886
94871,"Santa Clara County, CA",06085,7054,9762,93989,94758,187,1547,31197,94880,7.435359593553351,10.386321803615317,0.1973448152134912,1.6304806070826308,32.88048060708263,6085,CA,"Santa Clara, CA",1.0,1,1926325.0,159674.0,6.9,4.1,398.0,38.0,5.0,1499.7,20.661103396363544,1.972668163471896,0.2595616004568284,7.313686944901944,7.361695229953855,0.07366436359949624
10951,"Santa Cruz County, CA",06087,669,1325,10737,10914,69,334,3490,10955,6.109031138708794,12.34050479649809,0.6322155030236394,3.0488361478776813,31.857599269739843,6087,CA,"Santa Cruz, CA",2.0,1,262406.0,109266.0,11.2,6.5,40.0,20.0,1.0,608.5,15.243553882152085,7.6217769410760425,0.38108884705380214,6.412638948921326,8.204635800793175,-2.095604662084382
8984,"Shasta County, CA",06089,621,1928,8593,8839,722,357,1639,8991,6.912288512911843,22.43686721750262,8.168344835388618,3.9706373039706375,18.229340451562674,6089,CA,"Shasta, CA",3.0,1,181121.0,71931.0,13.0,7.5,11.0,0.0,1.0,48.3,6.073288022923902,0.0,0.552117092993082,3.8979240810486444,7.9039577664840746,-0.9916692535722316
24030,"Solano County, CA",06095,1802,4050,23796,23661,84,646,5852,24022,7.498959633791094,17.019667170953102,0.3550145809560035,2.689201565231871,24.361002414453417,6095,CA,"Solano, CA",2.0,1,455101.0,99994.0,9.7,5.6,40.0,8.0,3.0,551.8,8.78925776915454,1.7578515538309079,0.6591943326865904,6.31499627245346,7.424292542629886,0.07466709116120818
22060,"Sonoma County, CA",06097,1304,2472,21761,21982,108,530,6403,22067,5.911151405258386,11.359772069298286,0.49131107269584207,2.401776408211356,29.016178003353424,6097,CA,"Sonoma, CA",2.0,1,485375.0,102840.0,8.6,6.7,54.0,22.0,5.0,310.3,11.125418490857585,4.53257790368272,1.0301313417460727,5.7407570774475625,7.110918148246287,-1.1997667429879009
34943,"Stanislaus County, CA",06099,2388,4597,32634,34851,546,1457,6257,34943,6.83398677846779,14.086535515106943,1.5666695360247913,4.169647711988095,17.90630455312938,6099,CA,"Stanislaus, CA",2.0,1,556972.0,79661.0,13.1,7.1,39.0,9.0,2.0,369.6,7.002147325179721,1.6158801519645511,0.3590844782143447,5.915123313851259,8.349072119219578,-1.5150853407517877
33326,"Tulare County, CA",06107,2418,7364,32764,33293,110,1871,5421,33332,7.255596231170857,22.47588816994262,0.33039978373832335,5.613224528981159,16.26365054602184,6107,CA,"Tulare, CA",2.0,1,483546.0,69489.0,17.8,9.2,30.0,6.0,2.0,98.1,6.2041667183680556,1.2408333436736112,0.41361111455787036,4.596129441335942,7.55194109555884,-0.2963448643879829
42332,"Ventura County, CA",06111,2756,6432,42261,42277,197,1415,11220,42338,6.510441273740906,15.219706112018173,0.465974406887906,3.34215125891634,26.501015636071614,6111,CA,"Ventura, CA",2.0,1,835427.0,107327.0,9.0,8.5,72.0,8.0,3.0,458.4,8.61834726433309,0.9575941404814544,0.3590978026805454,6.129921290254998,7.574886722063353,-1.0644454483224477
9555,"Yolo County, CA",06113,602,1389,9503,9487,67,240,2494,9558,6.3003663003663,14.616436914658529,0.7062295773163276,2.5109855618330195,26.09332496338146,6113,CA,"Yolo, CA",1.0,1,225251.0,88818.0,16.3,5.6,30.0,22.0,2.0,213.3,13.3184758336256,9.766882277992107,0.8878983889083734,5.367376902479531,7.443197952796703,-1.1428316524304032
31352,"Adams County, CO",08001,2986,6215,30619,31291,1086,1343,5932,31363,9.524113294207707,20.297854273490316,3.470646511776549,4.282115869017632,18.91400695086567,8001,CO,"Adams, CO",1.0,1,542973.0,91387.0,9.4,11.4,85.0,64.0,3.0,445.3,15.65455372550753,11.78695809920567,0.5525136609002658,6.100991371635224,8.718017927681203,0.8060953665265043
37823,"Arapahoe County, CO",08005,3874,8198,37205,37791,1132,1169,8835,37854,10.242445073103667,22.034672759037765,2.9954221904686302,3.0881809055846148,23.339673482326834,8005,CO,"Arapahoe, CO",1.0,1,666918.0,97215.0,8.5,9.8,77.0,40.0,1.0,821.0,11.545647290971305,5.997738852452626,0.14994347131131563,6.71174039505618,8.48493942381093,1.757505649292737
12163,"Boulder County, CO",08013,986,1871,12030,12135,264,287,4230,12169,8.106552659705665,15.552784704904406,2.1755253399258345,2.358451803763662,34.76045689867696,8013,CO,"Boulder, CO",2.0,1,330262.0,102772.0,11.4,5.9,41.0,20.0,4.0,455.4,12.41438615402317,6.055798123913741,1.2111596247827483,6.123369617987921,7.367619522804236,0.7389331369014291
45134,"Denver County, CO",08031,4543,9389,44277,45100,1224,1611,12511,45189,10.065582487703283,21.20514036633015,2.713968957871397,3.565026887074288,27.685941268892872,8031,CO,"Denver, CO",1.0,1,729019.0,91681.0,11.2,8.5,177.0,73.0,3.0,4674.3,24.279202599657896,10.013456439406928,0.4115119084687779,8.450048610786904,9.177096829723967,0.8884856579793166
19010,"Douglas County, CO",08035,1677,2156,18778,19000,223,150,5385,19034,8.82167280378748,11.481520928746406,1.1736842105263159,0.7880634653777451,28.29147840706105,8035,CO,"Douglas, CO",1.0,0,393995.0,145737.0,3.2,4.0,55.0,12.0,3.0,426.0,13.959568014822523,3.0457239305067323,0.7614309826266831,6.056784013228625,6.4032684805482685,2.418404323239212
44774,"El Paso County, CO",08041,4383,10849,45035,45517,1027,1543,7598,45527,9.789163353732077,24.090152103919173,2.2562998440143245,3.3891976189953215,16.688997737606254,8041,CO,"El Paso, CO",2.0,1,752772.0,87470.0,8.5,8.2,70.0,36.0,2.0,343.5,9.298964361054875,4.782324528542507,0.2656846960301393,5.842094090453713,7.922542781949911,1.8666205717821658
27256,"Jefferson County, CO",08059,2516,3886,25134,27197,782,468,8310,27273,9.230995010272967,15.461128352033102,2.8753171305658713,1.7159828401715982,30.46969530304697,8059,CO,"Jefferson, CO",1.0,1,578533.0,107800.0,6.7,6.3,47.0,10.0,1.0,762.6,8.123996383957355,1.7285098689270966,0.17285098689270967,6.638044091851593,7.108431113304034,2.1225638969689324
15105,"Larimer County, CO",08069,1336,2336,14927,15095,575,361,3662,15109,8.844753392916253,15.64949420513164,3.809208347134813,2.3893043881130454,24.237209610166126,8069,CO,"Larimer, CO",2.0,1,374574.0,91364.0,11.1,7.2,46.0,31.0,3.0,138.3,12.280617448087694,8.27606828023301,0.8009098335709366,4.93662988078576,6.972301402334142,1.8724519905821113
7397,"Mesa County, CO",08077,627,1452,7400,7398,449,397,1148,7399,8.476409355143977,19.62162162162162,6.069207894025412,5.365589944587106,15.515610217596972,8077,CO,"Mesa, CO",3.0,1,161260.0,71485.0,11.2,9.9,14.0,7.0,1.0,46.8,8.681632146843606,4.340816073421803,0.6201165819174005,3.86702563949741,7.886561759838276,0.5898475953057005
8367,"Pueblo County, CO",08101,893,2188,8241,8393,622,486,1088,8404,10.672881558503645,26.55017594952069,7.410937686167044,5.78296049500238,12.946216087577344,8101,CO,"Pueblo, CO",3.0,1,169866.0,62250.0,15.4,7.7,10.0,13.0,1.0,70.5,5.886993277053677,7.653091260169781,0.5886993277053677,4.269697449699962,8.153078916450504,2.5198026420531416
23530,"Weld County, CO",08123,2067,4657,23365,23507,1125,952,3670,23546,8.784530386740332,19.931521506526856,4.785808482579657,4.043149579546419,15.586511509385883,8123,CO,"Weld, CO",2.0,1,369745.0,93287.0,9.0,9.6,16.0,9.0,3.0,82.6,4.327306657290836,2.434109994726095,0.8113699982420317,4.426043520090656,7.636012179855393,1.1485182068849396
50061,"Fairfield County, CT",09001,3633,9141,49391,50052,307,1042,16920,50069,7.257146281536525,18.507420380231217,0.613362103412451,2.0811280433002457,33.793365156084604,9001,CT,"Fairfield, CT",,1,,,,,219.0,,6.0,1531.9,,,,7.334916645172062,7.7105275116738845,-0.4533812301373592
44165,"Hartford County, CT",09003,3887,6446,44075,44131,958,1121,10930,44192,8.801086833465414,14.62507090187181,2.1708096349504884,2.5366582186821143,24.732983345401884,9003,CT,"Hartford, CT",,1,,,,,220.0,,3.0,1223.9,,,,7.11061448699364,7.7902171328965295,1.0108697005688843
7193,"Litchfield County, CT",09005,444,925,7180,7200,304,98,1872,7205,6.172667871541777,12.883008356545961,4.222222222222222,1.3601665510062457,25.981956974323385,9005,CT,"Litchfield, CT",,1,,,,,12.0,,2.0,201.2,,,,5.309257306586371,6.591662458189074,-0.4189945866472966
6554,"Middlesex County, CT",09007,466,795,6547,6565,140,61,1832,6559,7.110161733292646,12.142966244081258,2.1325209444021325,0.9300198200945266,27.93108705595365,9007,CT,"Middlesex, CT",,1,,,,,13.0,,1.0,444.7,,,,6.09964607995251,6.811764930291188,0.29839680300145766
42212,"New Haven County, CT",09009,3637,7497,41888,42166,1076,1264,10714,42222,8.61603335544395,17.897727272727273,2.5518190010909265,2.993699966841931,25.375396712614275,9009,CT,"New Haven, CT",,1,,,,,149.0,,2.0,1431.1,,,,7.2668971774846565,8.010411380412044,0.6056219750319052
12429,"New London County, CT",09011,1003,1542,12405,12428,456,288,2656,12427,8.069836672298656,12.430471584038694,3.6691342130672675,2.3175344009012635,21.372817252756096,9011,CT,"New London, CT",,1,,,,,21.0,,2.0,403.8,,,,6.003393117973256,7.313559052937459,0.7562776193611978
5743,"Tolland County, CT",09013,410,672,5745,5754,159,69,1403,5753,7.139125892390736,11.697127937336814,2.7632950990615224,1.1993742395272031,24.3872762037198,9013,CT,"Tolland, CT",,1,,,,,9.0,,0.0,365.0,,,,5.902633333401366,6.599956203039031,0.5391696893517057
5155,"Windham County, CT",09015,389,609,5148,5166,306,149,947,5159,7.5460717749757515,11.82983682983683,5.923344947735192,2.888156619499903,18.356270595076566,9015,CT,"Windham, CT",,1,,,,,8.0,,1.0,227.0,,,,5.429345628954441,7.361414198157713,0.1846575768180383
10534,"Kent County, DE",10001,1039,2623,10079,10479,557,444,1794,10534,9.863299791152459,26.024407183252308,5.315392690142189,4.214923106132523,17.03056768558952,10001,DE,"Kent, DE",3.0,1,192690.0,72872.0,11.3,7.5,8.0,11.0,1.0,310.3,4.151746328299341,5.708651201411594,0.5189682910374176,5.7407570774475625,8.745490748495493,1.1178090426569653
30322,"New Castle County, DE",10003,2845,4291,29796,30122,1005,1034,6918,30322,9.382626475826132,14.40126191435092,3.336431843835071,3.410065299122749,22.81511773629708,10003,DE,"New Castle, DE",1.0,1,588093.0,89901.0,10.2,6.2,71.0,13.0,2.0,1338.7,12.072920439454304,2.210534728350788,0.34008226590012125,7.2002009872829404,8.22695062562621,1.1556758501999216
11777,"Sussex County, DE",10005,923,4126,11581,11717,643,733,2129,11779,7.837310011038465,35.62732061134617,5.487752837757105,6.222939128958315,18.074539434586978,10005,DE,"Sussex, DE",4.0,1,271134.0,78162.0,11.5,8.4,23.0,10.0,2.0,253.6,8.482890378927026,3.6882132082291417,0.7376426416458283,5.539693686123306,8.823618343704664,-0.9863083326661997
41115,"District of Columbia, DC",11001,4165,10994,39418,40800,490,1295,14333,41121,10.130122826219141,27.890811304480188,1.2009803921568627,3.149242479511685,34.85566985238686,11001,DC,"The District, DC",1.0,1,702250.0,106287.0,14.5,3.1,212.0,58.0,4.0,11280.7,30.18867924528302,8.259166963332147,0.5695977216091136,9.330937222916415,9.071666567337262,1.058456258881879
12903,"Alachua County, FL",12001,1312,3049,12481,12882,356,492,2727,12903,10.168177943114005,24.429132281067222,2.7635460332246544,3.8130667286677515,21.13461985584748,12001,FL,"Alachua, FL",2.0,1,291782.0,59659.0,19.7,10.2,81.0,31.0,2.0,318.0,27.76045129583045,10.62437024902153,0.6854432418723568,5.765191102784844,10.570680129269299,-0.402502186155294
10501,"Bay County, FL",12005,882,3570,9960,10453,405,575,1585,10504,8.39920007618322,35.8433734939759,3.87448579355209,5.474105102817974,15.08948971820259,12005,FL,"Bay, FL",3.0,1,199718.0,70188.0,11.7,13.7,13.0,7.0,1.0,231.0,6.509177940896665,3.504941968175127,0.5007059954535896,5.44673737166631,8.223017719059392,0.17618235712382813
25938,"Brevard County, FL",12009,2288,8327,25626,25921,1199,936,4937,25962,8.82103477523325,32.49434168422696,4.625593148412484,3.6052692396579618,19.016254525845465,12009,FL,"Brevard, FL",2.0,1,658447.0,75817.0,9.9,11.2,48.0,15.0,2.0,597.7,7.289880582643706,2.278087682076158,0.3037450242768211,6.394760637931307,8.443832438781376,0.37720233645187307
101794,"Broward County, FL",12011,9827,31361,98706,101505,319,2296,28922,101819,9.653810637169185,31.77213138005795,0.3142702329934486,2.254981879609896,28.40530745735079,12011,FL,"Broward, FL",1.0,1,2037472.0,74534.0,12.2,14.6,265.0,47.0,8.0,1616.6,13.006313706396947,2.30678016679493,0.3926434326459456,7.388698848266207,8.085449100985725,1.5683615361834597
5426,"Charlotte County, FL",12015,489,2033,5300,5386,331,200,946,5431,9.012163656468854,38.35849056603774,6.145562569624953,3.682563063892469,17.41852329221138,12015,FL,"Charlotte, FL",3.0,1,212122.0,66154.0,9.6,14.0,9.0,2.0,0.0,274.3,4.242841383732003,0.942853640829334,0.0,5.617861412148562,8.310064342557068,0.7020993139117859
5190,"Citrus County, FL",12017,419,2235,5107,5170,479,279,729,5190,8.073217726396917,43.7634619150186,9.264990328820115,5.375722543352601,14.046242774566474,12017,FL,"Citrus, FL",3.0,1,170174.0,55355.0,15.5,13.2,13.0,1.0,1.0,264.4,7.639239836872847,0.5876338336056036,0.5876338336056036,5.581238121898107,8.981468716664422,-0.9082509902675042
11180,"Clay County, FL",12019,981,4262,10767,11154,473,441,2016,11195,8.774597495527727,39.58391381071793,4.240631163708087,3.939258597588209,18.008039303260386,12019,FL,"Clay, FL",1.0,1,236760.0,86094.0,9.1,10.3,15.0,7.0,2.0,361.0,6.3355296502787635,2.956580503463423,0.8447372867038352,5.8916442118257715,8.371714765296396,0.40288273023133137
16796,"Collier County, FL",12021,1234,5796,16465,16249,97,789,3917,16807,7.34698737794713,35.20194351655026,0.5969598129115637,4.69447254120307,23.305765454869995,12021,FL,"Collier, FL",2.0,1,416233.0,86173.0,10.5,18.6,38.0,8.0,1.0,188.2,9.129501985666682,1.922000418035091,0.24025005225438636,5.2428046566177775,8.121754092424117,-0.7747667144769874
63220,"Duval County, FL",12031,6593,26654,60826,62990,2030,2829,11558,63263,10.42866181588105,43.8200769407819,3.222733767264645,4.471808165910564,18.269762736512654,12031,FL,"Duval, FL",1.0,1,1055159.0,68447.0,14.6,11.9,139.0,37.0,5.0,1305.4,13.173370079769969,3.5065805248308552,0.4738622330852507,7.175030541656255,9.563214512621506,0.8654473032595433
18493,"Escambia County, FL",12033,2073,6278,18204,18412,1385,1132,2688,18506,11.209646893419132,34.486925950340584,7.5222680860308495,6.11693504809251,14.525018912785043,12033,FL,"Escambia, FL",2.0,1,331275.0,65715.0,14.5,12.4,61.0,16.0,2.0,490.0,18.413704626065957,4.829824164214021,0.6037280205267527,6.19644412779452,9.88044617033376,1.3292007230853713
8441,"Hernando County, FL",12053,729,2316,8259,8352,448,400,1340,8442,8.636417486079848,28.04213585179804,5.363984674329502,4.738213693437574,15.873015873015873,12053,FL,"Hernando, FL",1.0,1,218150.0,63193.0,12.0,14.1,12.0,7.0,1.0,411.3,5.500802200320879,3.208801283520513,0.4584001833600733,6.021751239712854,8.595753324150785,0.040664161929063525
84931,"Hillsborough County, FL",12057,7745,23731,83207,84667,1837,3321,17689,84985,9.119167324063064,28.520436982465416,2.1696764973366247,3.9077484261928577,20.814261340236513,12057,FL,"Hillsborough, FL",1.0,1,1581426.0,75011.0,13.2,13.4,222.0,51.0,4.0,1428.5,14.037963205360224,3.224937493123295,0.2529362739704545,7.265080011762366,9.137040806753697,-0.017873482690633935
6130,"Indian River County, FL",12061,507,1721,6095,6135,254,246,1197,6141,8.270799347471453,28.23625922887613,4.1401792991035045,4.005862237420615,19.491939423546654,12061,FL,"Indian River, FL",3.0,1,172139.0,71049.0,11.4,14.0,10.0,5.0,1.0,317.8,5.809258796670133,2.9046293983350666,0.5809258796670133,5.76456394691606,8.393323885644485,-0.12252453817303177
18296,"Lake County, FL",12069,1607,5517,17811,18204,549,746,3251,18299,8.783340620900743,30.97524002021223,3.015820698747528,4.076725504125909,17.765998141974972,12069,FL,"Lake, FL",1.0,1,444204.0,69956.0,9.5,12.6,22.0,2.0,3.0,403.5,4.952679399555159,0.4502435817777417,0.6753653726666126,6.002651736498547,8.514100019387,0.2692406015137436
37386,"Lee County, FL",12071,3304,14462,36663,37041,578,1633,7030,37397,8.837532766276146,39.44576275809399,1.5604330336653978,4.3666604273070035,18.798299328823166,12071,FL,"Lee, FL",2.0,1,860959.0,73099.0,11.7,17.1,62.0,46.0,2.0,974.2,7.201272069866277,5.342879277642721,0.2322990990279444,6.8826425781670615,9.008266377241727,-0.1707336109655806
13899,"Leon County, FL",12073,1592,3297,13320,13831,206,583,2624,13908,11.4540614432693,24.75225225225225,1.489407851926831,4.191832039114179,18.86683922922059,12073,FL,"Leon, FL",2.0,1,300488.0,65074.0,18.5,10.7,33.0,14.0,1.0,437.1,10.982135725885893,4.659087883709167,0.33279199169351187,6.082447194819853,9.508321664991149,1.945739778278151
18978,"Manatee County, FL",12081,1599,5595,18551,18825,584,977,3718,18975,8.425545368321215,30.160099186027708,3.102257636122178,5.148880105401845,19.594202898550726,12081,FL,"Manatee, FL",2.0,1,458352.0,75792.0,10.4,15.8,35.0,8.0,0.0,538.1,7.636052640765176,1.7453834607463259,0.0,6.289901082457623,8.850037505013205,-0.42449213669199004
18109,"Marion County, FL",12083,1583,7350,17561,18064,876,1014,2593,18119,8.741509746534872,41.854108535960364,4.849424269264836,5.596335338594845,14.310944312600034,12083,FL,"Marion, FL",2.0,1,428905.0,58535.0,14.6,15.6,14.0,13.0,1.0,236.7,3.264126088527763,3.030974225061494,0.2331518634662688,5.471009374366148,8.985384745780378,-0.24387499924550582
6399,"Martin County, FL",12085,440,1991,6311,6355,159,255,1515,6401,6.87607438662291,31.54809063539851,2.5019669551534225,3.9837525386658337,23.668176847367597,12085,FL,"Martin, FL",2.0,1,165666.0,80701.0,11.4,13.5,20.0,13.0,1.0,291.3,12.072483189067158,7.847114072893653,0.6036241594533579,5.6777806721172,8.54770338894407,-1.6716290023211604
143147,"Miami-Dade County, FL",12086,11477,34894,139344,142830,438,3584,38543,143225,8.017632224217063,25.041623607762084,0.30665826507036337,2.5023564321871183,26.910804677954268,12086,FL,"Miami-Dade, FL",1.0,1,2838461.0,68694.0,14.9,16.1,365.0,37.0,6.0,1422.1,12.859081030177974,1.3035232825111918,0.2113821539207338,7.2605928696896145,8.525947883923289,-0.5083156597062253
13001,"Okaloosa County, FL",12091,1091,3659,12776,12979,720,460,2028,13001,8.39166217983232,28.63963681903569,5.547422759842823,3.5381893700484577,15.598800092300593,12091,FL,"Okaloosa, FL",2.0,1,220483.0,79097.0,9.3,11.9,18.0,9.0,1.0,227.6,8.163894722042063,4.081947361021031,0.4535497067801146,5.43197375136071,8.012654984437116,0.37900719539520367
81140,"Orange County, FL",12095,7577,27048,77474,80649,626,2673,19043,81196,9.338180921863446,34.91235769419418,0.7762030527346898,3.2920340903492784,23.453125769742353,12095,FL,"Orange, FL",1.0,1,1533646.0,77011.0,13.0,13.2,213.0,60.0,2.0,1585.2,13.888472307168668,3.9122457203292025,0.13040819067764006,7.3690964976492195,9.134956159304858,0.20322476255858746
24243,"Osceola County, FL",12097,2148,6487,23265,24148,176,842,4793,24245,8.860289568122758,27.88308618095852,0.7288388272320689,3.4728810063930706,19.769024541142503,12097,FL,"Osceola, FL",1.0,1,468058.0,68711.0,12.5,13.2,39.0,2.0,1.0,292.8,8.332300697776772,0.4272974716808601,0.21364873584043004,5.682899263739777,8.38418312117748,0.47610644694527693
74076,"Palm Beach County, FL",12099,6585,23897,72074,73772,516,2523,19574,74135,8.889518872509315,33.156200571634706,0.699452366751613,3.403250826195454,26.403183381668576,12099,FL,"Palm Beach, FL",1.0,1,1582055.0,81115.0,11.1,16.3,192.0,42.0,6.0,759.7,12.136114104756155,2.6547749604154087,0.37925356577362984,6.634239062003256,8.687170951700354,0.20234792080896113
28042,"Pasco County, FL",12101,2318,6468,26795,27842,1372,994,5631,28050,8.266172170315954,24.13883187161784,4.927806910423102,3.5436720142602494,20.074866310160427,12101,FL,"Pasco, FL",1.0,1,659114.0,67384.0,11.1,12.3,37.0,10.0,2.0,752.6,5.613596434000795,1.5171882254056201,0.30343764508112403,6.624861723262153,8.815022721325493,-0.5488505510095383
36311,"Pinellas County, FL",12103,3085,7401,34293,36258,1600,1248,8419,36331,8.496048029522735,21.58166389642201,4.412819239891886,3.4350829869808153,23.173047810409845,12103,FL,"Pinellas, FL",1.0,1,965870.0,70293.0,11.4,13.0,114.0,40.0,3.0,3504.2,11.802830608674046,4.1413440732189635,0.31060080549142227,8.162002859181696,8.912894045115857,-0.41684601559312284
44247,"Polk County, FL",12105,4103,14768,43439,44073,1469,2179,6934,44257,9.27294505842204,33.997099380740806,3.3331064370476255,4.923514924192783,15.667578010258264,12105,FL,"Polk, FL",2.0,1,852878.0,63644.0,14.7,14.7,41.0,17.0,3.0,403.3,4.807252619952679,1.9932510863218422,0.3517501917038545,6.002157176646725,9.090053064972754,0.18289199344928697
12173,"St. Johns County, FL",12109,886,2897,11823,12148,288,198,3442,12197,7.278403023083874,24.503087202909583,2.3707606190319392,1.6233500040993687,28.220054111666805,12109,FL,"St. Johns, FL",1.0,1,334928.0,106169.0,6.7,8.0,28.0,9.0,0.0,455.2,8.36000573257536,2.6871446997563657,0.0,6.122931309850288,7.15671014472993,0.1216928783539446
17733,"St. Lucie County, FL",12111,1631,5976,17439,17614,394,682,3661,17737,9.197541307167429,34.26801995527266,2.236857045531963,3.8450696284602808,20.640469075942946,12111,FL,"St. Lucie, FL",2.0,1,390670.0,69027.0,11.6,14.1,17.0,14.0,0.0,575.9,4.351498707348914,3.5835871707579288,0.0,6.357668941262844,8.842438900978937,0.3551024061884913
9890,"Santa Rosa County, FL",12113,806,2408,9771,9858,669,381,1553,9890,8.149646107178969,24.64435574659707,6.786366402921485,3.852376137512639,15.70273003033367,12113,FL,"Santa Rosa, FL",2.0,1,207653.0,88968.0,8.4,9.7,9.0,3.0,1.0,185.7,4.334153612035463,1.4447178706784878,0.48157262355949587,5.2295030505476765,7.9700815860379,0.17956452114106813
14708,"Sarasota County, FL",12115,1117,4768,14487,14602,457,428,3345,14705,7.594506391079684,32.91226616966936,3.1297082591425833,2.9105746344780687,22.747364841890512,12115,FL,"Sarasota, FL",2.0,1,476604.0,80633.0,8.2,13.5,50.0,15.0,2.0,780.6,10.490889711374642,3.1472669134123925,0.41963558845498566,6.661343100728573,8.165704394494739,-0.5711980034150548
22385,"Seminole County, FL",12117,1885,6110,21559,22077,294,543,5194,22394,8.420817511726602,28.3408321350712,1.331702676994157,2.424756631240511,23.193712601589713,12117,FL,"Seminole, FL",1.0,1,494605.0,83030.0,9.2,11.5,37.0,23.0,0.0,1521.9,7.480716935736599,4.650175392484913,0.0,7.3283716908576455,8.277152927041813,0.14366458468478882
24752,"Volusia County, FL",12127,2236,6877,24043,24509,954,1089,4381,24755,9.033613445378151,28.60291976874766,3.8924476722836507,4.399111290648354,17.697434861644112,12127,FL,"Volusia, FL",2.0,1,602772.0,66581.0,12.2,12.8,24.0,4.0,3.0,502.6,3.981604984969441,0.6636008308282402,0.49770062312118013,6.221782302170192,8.787511192413621,0.2461022529645298
6822,"Bartow County, GA",13015,506,1494,6809,6825,360,330,800,6826,7.4171797126942245,21.941547951241006,5.274725274725275,4.834456489891591,11.719894520949312,13015,GA,"Bartow, GA",1.0,1,117508.0,79431.0,10.1,15.5,1.0,12.0,0.0,237.3,0.8510058889607517,10.21207066752902,0.0,5.473530384104697,8.250855815226483,-0.8336761025322588
10182,"Bibb County, GA",13021,1419,2955,10187,10194,545,801,1270,10194,13.93635827931644,29.007558653185434,5.346282126741221,7.857563272513243,12.458308809103395,13021,GA,"Bibb, GA",3.0,1,157056.0,50747.0,24.8,16.0,55.0,8.0,1.0,630.9,35.019356153219235,5.093724531377343,0.6367155664221679,6.448731153779409,11.809477496370313,2.1268807829461274
7957,"Carroll County, GA",13045,704,3309,7951,7968,466,497,971,7962,8.847555611411336,41.61740661552006,5.848393574297189,6.242150213514193,12.195428284350665,13045,GA,"Carroll, GA",1.0,1,129911.0,72327.0,15.6,13.8,11.0,1.0,0.0,238.7,8.467335329571783,0.7697577572337986,0.0,5.479388141440339,8.84797821364603,-0.0004226022346944802
18058,"Chatham County, GA",13051,2053,5457,17764,17970,322,848,3152,18065,11.368922361280319,30.719432560234182,1.791875347801892,4.694159977857736,17.44810406864102,13051,GA,"Chatham, GA",2.0,1,307336.0,69575.0,14.3,14.1,62.0,13.0,0.0,681.8,20.173360751750526,4.229898222141239,0.0,6.526201990920286,9.745467978317931,1.6234543829623878
14466,"Cherokee County, GA",13057,980,3310,14431,14463,237,395,3049,14460,6.7745057375915945,22.936733421107338,1.6386641775565236,2.731673582295989,21.085753803596127,13057,GA,"Cherokee, GA",1.0,0,293513.0,105442.0,6.5,12.5,15.0,5.0,1.0,633.2,5.11050617860197,1.70350205953399,0.340700411906798,6.452364362104247,7.9026838788082765,-1.128178141216682
6618,"Clarke County, GA",13059,690,1363,6565,6622,198,307,1196,6625,10.42611060743427,20.76161462300076,2.990033222591362,4.633962264150943,18.052830188679245,13059,GA,"Clarke, GA",3.0,1,129995.0,52267.0,25.9,14.6,24.0,17.0,1.0,1079.3,18.46224854802108,13.077426054848264,0.769260356167545,6.984994059322939,11.114156081118301,-0.6880454736840314
16941,"Clayton County, GA",13063,2387,5979,16763,16936,268,998,2752,16949,14.09007732719438,35.66783988546203,1.5824279641001417,5.888252994276948,16.236946132515193,13063,GA,"Clayton, GA",1.0,1,297703.0,58507.0,16.8,15.5,11.0,8.0,1.0,2100.9,3.6949577263245583,2.687241982781497,0.3359052478476871,7.650596976565934,9.069928522632841,5.02014880456154
43942,"Cobb County, GA",13067,3927,10303,43834,43947,238,1277,10732,43963,8.936780301306268,23.504585481589633,0.5415614262634537,2.9047153287992176,24.41143689011214,13067,GA,"Cobb, GA",1.0,1,787538.0,98712.0,8.5,12.5,100.0,46.0,2.0,2254.8,12.697799979175608,5.84098799042078,0.25395599958351217,7.721259956205817,8.167763822177116,0.7690164791291512
8411,"Columbia County, GA",13073,655,1794,8342,8402,111,205,1735,8420,7.787421234098205,21.505634140493886,1.3211140204713163,2.4346793349168645,20.605700712589073,13073,GA,"Columbia, GA",2.0,1,167472.0,96122.0,6.8,10.3,23.0,0.0,0.0,537.6,13.733639056081017,0.0,0.0,6.288973180377498,8.078045616885463,-0.2906243827872581
8244,"Coweta County, GA",13077,789,1537,8242,8248,173,300,1359,8251,9.570596797671033,18.648386314001456,2.097478176527643,3.635922918434129,16.470730820506606,13077,GA,"Coweta, GA",1.0,0,158233.0,94142.0,8.2,11.0,12.0,4.0,0.0,331.4,7.583753072999943,2.527917690999981,0.0,5.806339062981293,8.032929467026705,1.5376673306443287
49047,"DeKalb County, GA",13089,5260,11809,48811,49029,262,2091,11930,49067,10.724407201255937,24.193317080166356,0.5343776132493014,4.261519962500254,24.313693521103797,13089,GA,"DeKalb, GA",1.0,1,770307.0,77683.0,13.5,13.7,139.0,31.0,1.0,2854.9,18.044753585258864,4.024369504626078,0.12981837111697025,7.957142308840869,9.438145641235094,1.2862615600208436
8412,"Douglas County, GA",13097,961,2900,8399,8417,180,369,1617,8416,11.42415596766524,34.527919990475056,2.1385291671616966,4.384505703422053,19.213403041825096,13097,GA,"Douglas, GA",1.0,0,151887.0,80764.0,11.3,14.1,5.0,3.0,1.0,720.7,3.2919209675614107,1.9751525805368466,0.6583841935122822,6.581609540078228,8.498846861474878,2.9253091061903618
4524,"Fayette County, GA",13113,479,834,4519,4527,36,116,1254,4530,10.587975243147657,18.455410489046248,0.7952286282306164,2.5607064017660046,27.68211920529801,13113,GA,"Fayette, GA",1.0,0,125107.0,108986.0,5.5,9.8,34.0,20.0,0.0,612.6,27.176736713373355,15.986315713749033,0.0,6.419343250053046,7.749898474748167,2.83807676839949
11546,"Forsyth County, GA",13117,814,1412,11523,11544,127,166,3204,11547,7.05006062705699,12.253753362839538,1.1001386001386002,1.4376028405646488,27.74746687451286,13117,GA,"Forsyth, GA",1.0,1,280096.0,138000.0,4.5,8.3,12.0,5.0,1.0,1118.7,4.2842454015766025,1.7851022506569176,0.35702045013138356,7.020816071266151,7.09836168671135,-0.048301059654360046
61251,"Fulton County, GA",13121,7042,14708,60960,61219,456,2107,16275,61282,11.496955151752625,24.12729658792651,0.744866789722145,3.4382037139780035,26.557553604647367,13121,GA,"Fulton, GA",1.0,1,1090354.0,91490.0,12.9,10.7,350.0,95.0,4.0,2025.3,32.09966671374618,8.71276667944539,0.3668533338713849,7.613966748871284,9.2162760036364,2.2806791481162243
54920,"Gwinnett County, GA",13135,5047,10993,54679,54894,250,2011,12982,54944,9.189730517115805,20.10461054518188,0.45542317921812947,3.6600902737332555,23.62769365171811,13135,GA,"Gwinnett, GA",1.0,1,1003869.0,84823.0,10.5,15.3,82.0,35.0,2.0,2221.8,8.16839647404193,3.486510690139849,0.19922918229370565,7.706522941405766,8.646568980520428,0.5431615365953775
13709,"Hall County, GA",13139,978,3975,13649,13651,249,812,2048,13716,7.133999562331315,29.123012674921238,1.8240421947110101,5.920093321668125,14.931466899970838,13139,GA,"Hall, GA",3.0,1,221745.0,77430.0,12.7,19.2,21.0,18.0,1.0,516.9,9.470337549888386,8.117432185618616,0.4509684547565898,6.249782173429845,8.620065552674806,-1.4860659903434907
13990,"Henry County, GA",13151,1743,3655,13943,13988,249,549,2804,13988,12.458899213724088,26.213870759520905,1.7800972261938806,3.9247926794395194,20.045753503002572,13151,GA,"Henry, GA",1.0,0,259315.0,81612.0,9.4,10.4,21.0,5.0,0.0,755.3,8.098258874342017,1.9281568748433373,0.0,6.628438122861984,8.75717363875733,3.7017255749667584
9841,"Houston County, GA",13153,1002,2135,9838,9846,355,516,1465,9837,10.181892084137791,21.70156535881277,3.605525086329474,5.245501677340653,14.89275185524042,13153,GA,"Houston, GA",3.0,1,174897.0,80743.0,10.1,11.0,12.0,7.0,1.0,435.1,6.861181152335375,4.002355672195636,0.5717650960279479,6.077871574848721,8.604785624837342,1.577106459300449
7893,"Lowndes County, GA",13185,945,2471,7882,7898,267,541,918,7893,11.972633979475484,31.349911190053287,3.380602684223854,6.854174585075383,11.630558722919043,13185,GA,"Lowndes, GA",3.0,1,122082.0,55887.0,20.3,14.3,13.0,9.0,0.0,237.8,10.648580462312216,7.37209416621615,0.0,5.475626381518447,9.986330052350814,1.9863039271246699
13249,"Muscogee County, GA",13215,1682,2845,13167,13248,436,824,1664,13261,12.695297758321383,21.607047922837396,3.2910628019323673,6.213709373350426,12.548073297639695,13215,GA,"Muscogee, GA",2.0,1,201830.0,56622.0,18.8,11.8,29.0,7.0,0.0,955.8,14.368527969082892,3.4682653718475946,0.0,6.863594383196367,10.865819745621966,1.8294780126994166
9173,"Paulding County, GA",13223,889,2020,9161,9178,148,263,1664,9179,9.691485882481194,22.049994542080558,1.6125517541948138,2.865235864473254,18.128336420089333,13223,GA,"Paulding, GA",1.0,0,188549.0,94557.0,6.1,11.4,2.0,0.0,0.0,540.0,1.06073222345385,0.0,0.0,6.293419278846481,8.03959053155146,1.6518953509297347
13894,"Richmond County, GA",13245,1792,3980,13733,13845,395,887,1918,13909,12.89765366345185,28.98128595354256,2.8530155290718673,6.377165863829175,13.789632611977856,13245,GA,"Richmond, GA",2.0,1,206303.0,53197.0,21.1,12.4,57.0,7.0,1.0,637.0,27.629263752829576,3.3930674784176675,0.48472392548823817,6.45833828334479,12.187182584394455,0.7104710790573954
6306,"Whitfield County, GA",13313,476,1947,6184,6292,462,455,795,6300,7.54836663495084,31.484476067270375,7.3426573426573425,7.222222222222222,12.619047619047619,13313,GA,"Whitfield, GA",3.0,1,105070.0,64262.0,13.7,21.4,10.0,11.0,1.0,354.2,9.517464547444561,10.469211002189017,0.9517464547444561,5.872681011118015,9.204649143137766,-1.6562825081869263
10277,"Hawaii County, HI",15001,949,3477,8804,9650,427,433,2458,10275,9.23421231877007,39.49341208541572,4.424870466321243,4.214111922141119,23.92214111922141,15001,HI,"Hawaii, HI",5.0,1,209790.0,77215.0,14.6,5.5,19.0,5.0,1.0,49.8,9.056675723342389,2.38333571666905,0.47666714333381,3.927896354584436,8.332403935484614,0.9018083832854558
54357,"Honolulu County, HI",15003,4685,16574,53020,54331,405,1374,13454,54371,8.618945122063396,31.25990192380234,0.7454307853711509,2.5270824520424493,24.744808813521914,15003,HI,"Honolulu, HI",1.0,1,998747.0,104264.0,9.1,4.0,163.0,29.0,4.0,1692.4,16.320449523252634,2.903638258738199,0.4005018287914757,7.434493621208177,8.265602278205618,0.3533428438577779
8206,"Maui County, HI",15009,663,1126,6111,7830,116,285,2048,8213,8.079454058006338,18.425789559810177,1.4814814814814814,3.470108364787532,24.936076951174968,15009,HI,"Maui, HI",3.0,1,163688.0,95076.0,9.8,4.7,16.0,6.0,1.0,141.8,9.774693318997118,3.665509994623919,0.6109183324373199,4.9614450499054845,7.589373818070822,0.49008023993551575
25347,"Ada County, ID",16001,1620,2918,25145,25312,607,534,5400,25354,6.391288909930169,11.604692781865182,2.39807206068268,2.106176540190897,21.29841445136862,16001,ID,"Ada, ID",2.0,1,535799.0,88907.0,8.5,7.1,67.0,26.0,2.0,470.5,12.504689258471927,4.852565980899554,0.3732743062230426,6.155919102073512,7.27519255490727,-0.8839036449771012
8980,"Bonneville County, ID",16019,741,1808,8960,8973,394,376,1174,8981,8.251670378619155,20.178571428571427,4.390950629666778,4.186616189733883,13.072040975392495,16019,ID,"Bonneville, ID",3.0,1,133644.0,76646.0,9.5,9.1,13.0,3.0,0.0,66.4,9.727335308730657,2.2447696866301516,0.0,4.210645017918261,8.04794378466804,0.2037265939511137
16830,"Canyon County, ID",16027,1141,2820,16629,16805,680,764,2340,16838,6.779560308972074,16.95832581634494,4.046414757512645,4.5373559805202515,13.897137427247891,16027,ID,"Canyon, ID",2.0,1,266892.0,72355.0,10.1,11.9,7.0,2.0,2.0,393.7,2.6227837477331657,0.7493667850666187,0.7493667850666187,5.978125982668802,8.527649784437465,-1.7480894754653908
9683,"Kootenai County, ID",16055,527,1783,9582,9634,443,250,1687,9693,5.442528142104719,18.607806303485702,4.5982976956612,2.5791808521613535,17.404312390384813,16055,ID,"Kootenai, ID",3.0,1,188323.0,77034.0,9.3,9.3,10.0,2.0,1.0,138.4,5.310025859825937,1.0620051719651875,0.5310025859825938,4.937347498326424,7.342174847494717,-1.8996467053899977
9987,"Champaign County, IL",17019,949,1883,9959,9977,405,525,1853,9992,9.50235305897667,18.90752083542524,4.059336473889947,5.254203362690152,18.544835868694957,17019,IL,"Champaign, IL",3.0,1,212374.0,63091.0,18.0,5.7,31.0,17.0,2.0,206.7,14.596890391479182,8.00474634371439,0.9417348639663988,5.336094730882067,10.326346335746615,-0.8239932767699454
264004,"Cook County, IL",17031,23614,64988,254474,263412,2547,8360,71068,264144,8.944561446038696,25.538168928849313,0.966926335930026,3.164940335574535,26.905021503422375,17031,IL,"Cook, IL",1.0,1,5182617.0,81797.0,13.3,9.7,954.0,211.0,18.0,5583.0,18.407688625264033,4.071302201185231,0.3473148797219629,8.627660644442209,9.353192774939204,-0.40863132890050835
5091,"DeKalb County, IL",17037,418,827,5082,5102,219,155,855,5096,8.210567668434493,16.273120818575364,4.292434339474716,3.0416012558869703,16.777864992150707,17037,IL,"DeKalb, IL",1.0,1,101335.0,69022.0,15.9,6.4,4.0,1.0,1.0,159.1,3.9473034982977255,0.9868258745744314,0.9868258745744314,5.075798620002669,7.136910190097377,1.0736574783371156
47912,"DuPage County, IL",17043,3281,8809,47528,47886,337,664,14094,47920,6.847971280681249,18.53433765359367,0.7037547508666416,1.3856427378964942,29.41151919866444,17043,IL,"DuPage, IL",1.0,1,937142.0,110502.0,6.4,5.9,181.0,40.0,6.0,2845.9,19.31404205552627,4.268296586856634,0.6402444880284951,7.953985961968492,7.255563507741373,-0.40759222706012377
27718,"Kane County, IL",17089,2090,5741,27398,27721,383,1002,6174,27717,7.540226567573418,20.95408423972553,1.3816240395368133,3.6151098603744996,22.275138001948264,17089,IL,"Kane, IL",1.0,1,520997.0,100678.0,8.3,9.4,28.0,5.0,2.0,994.5,5.37431117645591,0.9596984243671268,0.3838793697468507,6.903245123504251,8.279462733564868,-0.7392361659914499
5626,"Kankakee County, IL",17091,495,1355,5613,5631,370,270,771,5624,8.798435833629577,24.14038838410832,6.570768957556385,4.800853485064011,13.709103840682788,17091,IL,"Kankakee, IL",3.0,1,106410.0,68325.0,12.5,6.7,7.0,2.0,1.0,158.9,6.57832910440748,1.87952260125928,0.93976130062964,5.074548619839908,8.466143106513902,0.33229272711567504
7443,"Kendall County, IL",17093,528,1224,7436,7446,82,126,1739,7449,7.09391374445788,16.460462614308767,1.1012624227773302,1.6915022150624246,23.34541549201235,17093,IL,"Kendall, IL",1.0,0,143171.0,110474.0,4.9,5.4,4.0,0.0,0.0,411.8,2.793861885437693,0.0,0.0,6.022963214167353,7.0018657905565185,0.09204795390136145
33121,"Lake County, IL",17097,2531,7023,32775,33095,398,954,9000,33121,7.641677485583164,21.4279176201373,1.2025985798458982,2.8803478155852784,27.173092599861114,17097,IL,"Lake, IL",1.0,1,718604.0,108917.0,8.1,7.4,93.0,15.0,3.0,1610.3,12.941759299976065,2.087380532254204,0.41747610645084077,7.384796585579523,8.130474218634763,-0.48879673305159876
5425,"LaSalle County, IL",17099,423,982,5420,5431,584,254,834,5438,7.797235023041475,18.118081180811807,10.75308414656601,4.6708348657594705,15.336520779698418,17099,IL,"La Salle, IL",4.0,1,108390.0,72281.0,13.5,6.2,3.0,7.0,1.0,96.6,2.767783005812344,6.458160346895469,0.9225943352707814,4.580877493419047,8.328289120491304,-0.5310540974498288
15271,"McHenry County, IL",17111,1028,2919,15169,15270,293,280,3491,15269,6.731713705716718,19.24319335486848,1.9187950229207598,1.833780863186849,22.863317833518895,17111,IL,"McHenry, IL",1.0,0,315959.0,102836.0,6.1,5.9,18.0,1.0,1.0,514.1,5.696941691801785,0.3164967606556547,0.3164967606556547,6.24436105657154,7.259501408671105,-0.5277877029543872
8193,"McLean County, IL",17113,643,1266,8120,8189,441,265,1428,8184,7.8481630660319786,15.591133004926109,5.385272927097326,3.23802541544477,17.44868035190616,17113,IL,"McLean, IL",3.0,1,172069.0,78329.0,13.0,4.9,17.0,6.0,2.0,144.5,9.879757539126745,3.486973249103557,1.1623244163678523,4.980176086611547,7.350349460462444,0.4978136055695348
5679,"Macon County, IL",17115,701,1316,5680,5689,573,375,748,5686,12.343722486353231,23.169014084507044,10.072068904904201,6.595145972564192,13.15511783327471,17115,IL,"Macon, IL",3.0,1,100737.0,62449.0,14.6,5.4,9.0,5.0,1.0,179.1,8.93415527561869,4.963419597565939,0.9926839195131877,5.19351225218191,9.118192842199605,3.2255296441536263
13126,"Madison County, IL",17119,1193,3042,12975,13080,959,560,2018,13123,9.08883132713698,23.44508670520231,7.3318042813455655,4.267316924483731,15.377581345728872,17119,IL,"Madison, IL",1.0,1,263017.0,74800.0,11.3,5.5,17.0,4.0,2.0,371.6,6.463460536771387,1.5208142439462087,0.7604071219731043,5.920505458167488,8.642305613647455,0.44652571348952463
10508,"Peoria County, IL",17143,1056,2336,10493,10512,899,691,1556,10515,10.049486105824133,22.262460688077766,8.552130898021309,6.571564431764147,14.797907750832145,17143,IL,"Peoria, IL",2.0,1,179630.0,64938.0,15.4,5.8,36.0,9.0,2.0,293.9,20.041195791348883,5.010298947837221,1.113399766186049,5.6866363158212305,10.469409633443117,-0.4199235276189839
7658,"Rock Island County, IL",17161,709,1808,7637,7659,496,426,1142,7655,9.258291982240793,23.67421762472175,6.476041258649954,5.564990202482038,14.918354016982365,17161,IL,"Rock Island, IL",2.0,1,142731.0,66768.0,15.4,7.4,9.0,2.0,2.0,338.4,6.305567816381865,1.4012372925293033,1.4012372925293033,5.827179352800126,9.351732144964851,-0.09344016272405753
13024,"St. Clair County, IL",17163,1475,3350,12898,12969,927,591,2158,13035,11.3252457002457,25.973019072724455,7.147814018043026,4.533947065592635,16.5554276946682,17163,IL,"St. Clair, IL",1.0,1,251149.0,70178.0,13.6,5.3,24.0,9.0,2.0,391.4,9.556080255147343,3.583530095680254,0.7963400212622787,5.972281727691208,8.91573543581534,2.409510264430361
10089,"Sangamon County, IL",17167,1219,1533,10078,10094,984,508,1723,10100,12.08246605213599,15.211351458622742,9.748365365563702,5.02970297029703,17.059405940594058,17167,IL,"Sangamon, IL",3.0,1,194345.0,74114.0,12.9,5.2,65.0,6.0,2.0,226.1,33.44567650312589,3.0872932156731587,1.0290977385577196,5.425390449111513,9.36735929694201,2.7151067551939807
6289,"Tazewell County, IL",17179,462,868,6284,6298,548,293,857,6292,7.34615996183813,13.812858052196054,8.701174976182916,4.656706929434202,13.620470438652257,17179,IL,"Tazewell, IL",2.0,1,129821.0,76704.0,8.7,5.0,5.0,3.0,0.0,203.2,3.8514570061854396,2.310874203711264,0.0,5.319099905730565,8.20439452999006,-0.8582345681519294
34360,"Will County, IL",17197,2645,6848,34040,34355,539,821,7839,34368,7.69790454016298,20.11750881316099,1.5689128220055304,2.3888500931098697,22.80900837988827,17197,IL,"Will, IL",1.0,1,708583.0,107799.0,7.0,5.9,30.0,7.0,2.0,833.1,4.233801827026615,0.9878870929728769,0.2822534551351077,6.726353299247566,7.856705316372112,-0.1588007762091319
16112,"Winnebago County, IL",17201,1605,3135,16077,16096,1376,867,2326,16110,9.961519364448858,19.49990669901101,8.548707753479125,5.381750465549349,14.438237119801366,17201,IL,"Winnebago, IL",2.0,1,283790.0,64363.0,16.0,7.1,18.0,18.0,2.0,556.2,6.342718207124987,6.342718207124987,0.7047464674583319,6.322924241905651,9.43512751619716,0.5263918482516985
25982,"Allen County, IN",18003,2398,7342,25889,25898,1411,1212,3719,25991,9.229466553767994,28.359534937618292,5.448297165804309,4.663152629756454,14.308799199722982,18003,IN,"Allen, IN",2.0,1,399295.0,68839.0,12.2,8.1,46.0,12.0,3.0,586.4,11.520304536746014,3.0052968356728735,0.7513242089182184,6.37570601876452,9.118347379882957,0.11111917388503656
7233,"Clark County, IN",18019,579,1355,7217,7231,575,273,970,7241,8.004977187888842,18.77511431342663,7.951873876365648,3.770197486535009,13.395939787322193,18019,IN,"Clark, IN",1.0,1,127479.0,72298.0,9.3,7.4,7.0,6.0,0.0,324.8,5.491100494983487,4.706657567128703,0.0,5.786283696167945,8.046308896056184,-0.04133170816734122
5358,"Delaware County, IN",18035,466,863,5365,5361,680,315,587,5359,8.697275102650243,16.085740913327122,12.684200708822981,5.877962306400448,10.953536107482739,18035,IN,"Delaware, IN",3.0,1,112951.0,56932.0,19.9,8.7,5.0,1.0,1.0,285.4,4.426698302803871,0.8853396605607742,0.8853396605607742,5.657389435086491,9.391376595378821,-0.6941014927285778
14451,"Elkhart County, IN",18039,1009,4589,14447,14419,775,811,1791,14446,6.982215763614975,31.76438014812764,5.3748526250086694,5.6140107988370485,12.397895611241866,18039,IN,"Elkhart, IN",3.0,1,207436.0,65617.0,12.5,12.8,10.0,19.0,2.0,447.0,4.820763994677876,9.159451589887965,0.9641527989355754,6.104793232414985,8.861460926303794,-1.879245162688819
19431,"Hamilton County, IN",18057,1302,2627,19431,19323,143,222,4796,19441,6.700633009109155,13.519633575214863,0.7400507167624075,1.1419165680777739,24.669512885139653,18057,IN,"Hamilton, IN",1.0,0,379704.0,117957.0,4.3,4.6,72.0,4.0,3.0,881.1,18.962138929271223,1.0534521627372901,0.7900891220529676,6.7823054282647215,6.764111007196498,-0.06347799808734322
9229,"Hendricks County, IN",18063,683,1551,9216,9195,262,186,1741,9220,7.400585112146495,16.829427083333332,2.849374660141381,2.017353579175705,18.88286334056399,18063,IN,"Hendricks, IN",1.0,1,190629.0,99988.0,5.0,5.9,22.0,2.0,2.0,429.6,11.540741440179616,1.0491583127436015,1.0491583127436015,6.065179584930263,7.159491434588122,0.2410936775583732
9493,"Johnson County, IN",18081,724,1628,9496,9461,538,320,1417,9501,7.6266722848414625,17.144060657118786,5.686502483881196,3.3680665193137567,14.914219555836228,18081,IN,"Johnson, IN",1.0,1,170614.0,87227.0,7.2,6.7,10.0,2.0,1.0,504.9,5.861183724665033,1.1722367449330067,0.5861183724665033,6.22633902129789,7.673743544986274,-0.04707126014481133
26172,"Lake County, IN",18089,2390,7710,26085,26134,1004,1157,4594,26172,9.131896683478526,29.557216791259343,3.8417387311548175,4.420755005349228,17.553110194100565,18089,IN,"Lake, IN",1.0,1,502955.0,68985.0,14.6,7.7,37.0,13.0,4.0,999.9,7.356522949369228,2.584724279508107,0.7952997783101867,6.908654874224973,9.616591972767713,-0.4846952892891867
5540,"La Porte County, IN",18091,521,1890,5544,5542,649,293,735,5544,9.4043321299639,34.09090909090909,11.710573800072176,5.284992784992785,13.257575757575758,18091,IN,"La Porte, IN",3.0,1,111348.0,70452.0,14.0,7.9,4.0,1.0,1.0,187.9,3.5923411287135827,0.8980852821783957,0.8980852821783957,5.241217774507464,8.905482918091913,0.4988492118719865
7154,"Madison County, IN",18095,705,1430,7151,7136,881,423,751,7149,9.854626782219738,19.997203188365262,12.34585201793722,5.916911456147713,10.504965729472653,18095,IN,"Madison, IN",1.0,1,134222.0,62632.0,12.9,8.0,5.0,5.0,2.0,288.0,3.7251717304167724,3.7251717304167724,1.490068692166709,5.666426688112432,8.924235106402643,0.9303916758170949
70793,"Marion County, IN",18097,7235,24696,70749,70238,3267,3779,11993,70850,10.219936999420847,34.90650044523598,4.6513283407841906,5.333803810868031,16.9273112208892,18097,IN,"Marion, IN",1.0,1,981628.0,63450.0,15.1,9.8,176.0,54.0,5.0,2463.9,17.92939891690131,5.501065576776538,0.5093579237756054,7.80990651770257,10.15506664874178,0.0648703506790671
5246,"Monroe County, IN",18105,442,936,5253,5245,431,183,988,5242,8.425467022493327,17.818389491719017,8.217349857006672,3.491033956505151,18.84776802747043,18105,IN,"Monroe, IN",3.0,1,140702.0,63372.0,20.2,6.2,17.0,6.0,1.0,354.2,12.082273173089225,4.264331708149138,0.7107219513581897,5.872681011118015,8.819437156934324,-0.3939701344409965
7920,"Porter County, IN",18127,612,1733,7920,7925,329,198,1464,7933,7.7272727272727275,21.88131313131313,4.151419558359621,2.495903189209631,18.454556914156058,18127,IN,"Porter, IN",1.0,1,175860.0,85828.0,9.2,6.9,14.0,5.0,1.0,414.3,7.960877971113386,2.8431707039690663,0.5686341407938132,6.029001150636708,7.552175790492318,0.1750969367804096
15944,"St. Joseph County, IN",18141,1422,4500,15942,15928,816,844,2486,15944,8.918715504264927,28.22732404968009,5.123053741838272,5.293527345709985,15.592072252885098,18141,IN,"St. Joseph, IN",2.0,1,273744.0,64885.0,14.6,8.0,32.0,18.0,2.0,596.2,11.68975393067976,6.575486586007365,0.730609620667485,6.392252065665035,9.605397459510254,-0.6866819552453265
9683,"Tippecanoe County, IN",18157,872,2121,9669,9680,589,425,1510,9689,9.00547351027574,21.936084393422277,6.0847107438016526,4.386417586954278,15.584683661884611,18157,IN,"Tippecanoe, IN",3.0,1,191650.0,58622.0,19.0,8.7,23.0,7.0,2.0,373.3,12.001043569006,3.652491521001826,1.0435690060005218,5.925057614910384,10.086813058194322,-1.0813395479185814
10665,"Vanderburgh County, IN",18163,1014,1867,10663,10643,842,588,1370,10666,9.507735583684951,17.509143768170308,7.911303203983839,5.512844552784549,12.844552784549034,18163,IN,"Vanderburgh, IN",2.0,1,180387.0,60938.0,14.4,7.9,18.0,1.0,1.0,771.8,9.978546125829466,0.5543636736571925,0.5543636736571925,6.650020282898308,9.055539843243805,0.4521957404411463
5526,"Vigo County, IN",18167,487,1096,5539,5531,746,400,535,5538,8.812884545783568,19.786965156165373,13.487615259446754,7.222824124232575,9.660527266161068,18167,IN,"Vigo, IN",3.0,1,106166.0,52525.0,20.0,9.3,13.0,2.0,1.0,263.0,12.244974850705498,1.883842284723923,0.9419211423619614,5.575949103146316,10.49596096807867,-1.6830764222951018
7911,"Black Hawk County, IA",19013,712,1721,7908,7911,704,329,1145,7907,9.00012640626975,21.76277187658068,8.899001390468968,4.160870115087897,14.480839762235993,19013,IA,"Black Hawk, IA",3.0,1,132348.0,64581.0,14.7,5.2,12.0,16.0,2.0,231.8,9.067005168192946,12.089340224257262,1.5111675280321577,5.450179715857283,8.84768729170263,0.15243911456711956
8264,"Johnson County, IA",19103,588,1387,8269,8271,187,158,1906,8269,7.115198451113263,16.773491353247067,2.2609116189094425,1.9107509977022614,23.04994557987665,19103,IA,"Johnson, IA",3.0,1,160080.0,74721.0,16.7,5.0,57.0,13.0,1.0,249.4,35.6071964017991,8.120939530234882,0.624687656171914,5.523059639225943,7.671047307455503,-0.5558488563422399
12830,"Linn County, IA",19113,903,1967,12824,12831,852,404,2150,12835,7.038191738113796,15.338427947598253,6.640168342296002,3.1476431632255553,16.75107128944293,19113,IA,"Linn, IA",2.0,1,231762.0,76421.0,9.9,4.3,17.0,2.0,2.0,321.2,7.335111019062659,0.8629542375367835,0.8629542375367835,5.7751724707428735,7.473998869159589,-0.4358071310457925
32053,"Polk County, IA",19153,2478,6031,32031,32037,1787,1192,5599,32065,7.730945621314698,18.828634760076177,5.577925523613322,3.7174489318571653,17.461406518010293,19153,IA,"Polk, IA",2.0,1,516185.0,81621.0,10.1,5.5,39.0,28.0,3.0,860.5,7.555430707982603,5.424411790346484,0.5811869775371233,6.758675055967984,8.38429662554056,-0.653351004225863
9519,"Scott County, IA",19163,751,1515,9510,9534,650,448,1542,9533,7.889484189515706,15.930599369085174,6.817705055590518,4.6994650162593095,16.175390747928247,19163,IA,"Scott, IA",2.0,1,175601.0,76363.0,11.6,5.8,16.0,11.0,2.0,381.3,9.111565423887107,6.264201228922387,1.1389456779858884,5.946205640702368,8.279249113272433,-0.38976492375672755
7057,"Woodbury County, IA",19193,558,1732,7058,7064,603,382,986,7058,7.907042652685277,24.53952961178804,8.536240090600227,5.4122981014451685,13.969963162368943,19193,IA,"Woodbury, IA",3.0,1,107257.0,70147.0,13.3,7.1,6.0,2.0,1.0,121.4,5.59404048220629,1.8646801607354297,0.9323400803677149,4.807294370078226,8.461881956513183,-0.5548393038279062
4974,"Douglas County, KS",20045,346,635,4978,4971,332,163,964,4977,6.956172094893446,12.75612695861792,6.678736672701669,3.275065300381756,19.36909785011051,20045,KS,"Douglas, KS",3.0,1,121989.0,68756.0,15.2,9.7,12.0,4.0,1.0,260.6,9.836952512111749,3.2789841707039162,0.8197460426759791,5.566816619583044,7.896080017771038,-0.9399079228775928
34400,"Johnson County, KS",20091,2254,3798,34289,34333,386,584,8221,34409,6.5523255813953485,11.076438507976318,1.1242827600267964,1.69723037577378,23.8920049986922,20091,KS,"Johnson, KS",1.0,1,632276.0,107261.0,5.3,5.9,133.0,18.0,5.0,1287.6,21.035117575236132,2.8468580177011304,0.7907938938058696,7.161311636704542,7.5007951419341525,-0.948469560538804
32691,"Sedgwick County, KS",20173,2770,4066,32635,32636,2097,1766,4701,32709,8.473280107674896,12.459016393442623,6.425419781836009,5.39912562291724,14.372191140053197,20173,KS,"Sedgwick, KS",2.0,1,536081.0,67675.0,14.0,12.3,46.0,5.0,1.0,525.4,8.580792827949509,0.9326948726032074,0.18653897452064147,6.266061380011108,8.851677817230764,-0.37839770955586793
9649,"Shawnee County, KS",20177,841,1915,9634,9567,937,639,1346,9649,8.71592911182506,19.877517126842434,9.794083829831713,6.622447922064462,13.949632086226552,20177,KS,"Shawnee, KS",3.0,1,177942.0,66043.0,12.4,10.1,17.0,12.0,2.0,328.9,9.55367479291005,6.743770442054153,1.1239617403423587,5.798789578234536,8.726395737225232,-0.010466625400171736
11829,"Wyandotte County, KS",20209,1168,3633,11725,11783,459,934,1673,11832,9.874038380251923,30.98507462686567,3.895442586777561,7.893847194050034,14.139621365787695,20209,KS,"Wyandotte, KS",1.0,1,169418.0,60582.0,17.5,15.1,43.0,6.0,2.0,1116.1,25.381010282260444,3.5415363184549458,1.1805121061516486,7.0184913205768025,11.522625067772443,-1.6485866875205204
8492,"Boone County, KY",21015,602,1856,8481,8504,473,306,1489,8502,7.089024964672633,21.88421176748025,5.5620884289746,3.599153140437544,17.513526229122558,21015,KY,"Boone, KY",1.0,0,144135.0,94752.0,6.6,4.7,11.0,7.0,0.0,552.1,7.631734138134388,4.856558087903702,0.0,6.315538817000633,8.538909444964245,-1.4498844802916127
18475,"Fayette County, KY",21067,1737,3786,18218,18448,1133,848,3589,18483,9.40189445196211,20.781644527390494,6.141587163920208,4.587999783584916,19.41784342368663,21067,KY,"Fayette, KY",2.0,1,329437.0,67631.0,15.7,7.6,91.0,15.0,3.0,1137.3,27.62288388978773,4.55322261919578,0.910644523839156,7.037291200331171,10.151700538963015,-0.7498060870009038
6688,"Hardin County, KY",21093,568,1711,6503,6662,753,373,877,6692,8.492822966507177,26.310933415346764,11.302912038426898,5.573819485953377,13.105200239091452,21093,KY,"Hardin, KY",3.0,1,112826.0,67608.0,11.7,5.9,6.0,4.0,1.0,177.6,5.31792317373655,3.545282115824367,0.8863205289560917,5.185148668442399,8.791528675823889,-0.29870570931671203
47942,"Jefferson County, KY",21111,4522,10980,46964,47447,3365,2134,8510,47952,9.432230611989487,23.37960991397666,7.092123843446371,4.4502836169502835,17.746913580246915,21111,KY,"Jefferson, KY",1.0,1,793881.0,67849.0,14.5,6.3,154.0,14.0,3.0,2056.1,19.398373307838327,1.763488482530757,0.3778903891137337,7.629052502958428,10.016724892489867,-0.5844942805003797
10877,"Kenton County, KY",21117,848,2444,10841,10877,954,535,1744,10884,7.7962673531304585,22.54404575223688,8.770800772271766,4.915472252848217,16.023520764424845,21117,KY,"Kenton, KY",1.0,0,174862.0,79421.0,11.9,5.4,16.0,7.0,1.0,1054.7,9.15007262870149,4.003156775056902,0.5718795392938432,6.961959332995649,9.102050912033826,-1.305783558903368
9065,"Warren County, KY",21227,775,2830,8704,9059,416,469,1235,9061,8.549365692222835,32.513786764705884,4.592118335357103,5.176029135856969,13.629842180774748,21227,KY,"Warren, KY",3.0,1,147936.0,64801.0,16.8,9.2,16.0,5.0,0.0,248.4,10.81548777849881,3.379839930780878,0.0,5.519058033245936,10.03123605167932,-1.4818703594564848
8238,"Ascension Parish, LA",22005,842,2200,8101,8232,115,332,1374,8230,10.220927409565428,27.157141093692136,1.3969873663751216,4.034021871202916,16.69501822600243,22005,LA,"Ascension, LA",2.0,1,133534.0,92266.0,10.3,6.5,3.0,0.0,0.0,436.3,2.246618838647835,0.0,0.0,6.080619458418875,8.632070288429174,1.5888571211362539
7981,"Bossier Parish, LA",22015,954,1851,7868,7973,264,442,1112,7980,11.953389299586519,23.525673614641587,3.3111752163551986,5.538847117794486,13.93483709273183,22015,LA,"Bossier, LA",2.0,1,131102.0,66336.0,16.4,8.3,13.0,0.0,0.0,153.4,9.915943311314853,0.0,0.0,5.039546637590676,9.271399793846886,2.681989505739633
13854,"Caddo Parish, LA",22017,2072,3896,13825,13834,604,1065,1840,13880,14.955969395120542,28.180831826401448,4.366054647968773,7.672910662824208,13.256484149855908,22017,LA,"Caddo, LA",2.0,1,224893.0,50067.0,22.3,8.2,79.0,1.0,2.0,270.5,35.12781633932581,0.44465590302944064,0.8893118060588813,5.60396213937399,12.156276012649958,2.7996933824705845
12791,"Calcasieu Parish, LA",22019,1362,1725,11436,11893,317,818,1585,12800,10.648111953717457,15.083945435466946,2.665433448246868,6.390625,12.3828125,22019,LA,"Calcasieu, LA",2.0,1,206861.0,67849.0,17.8,8.1,23.0,2.0,0.0,203.7,11.118577208850388,0.9668328007695989,0.0,5.321545492667243,9.88272439844367,0.7653875552737865
27366,"East Baton Rouge Parish, LA",22033,3433,8894,26770,27316,458,1737,4433,27384,12.544763575239347,33.223757937990285,1.676673012154049,6.343120070113935,16.18828513000292,22033,LA,"East Baton Rouge, LA",2.0,1,453022.0,63075.0,18.6,7.6,104.0,16.0,2.0,1002.8,22.95694248844427,3.531837305914503,0.44147966323931287,6.911548077220833,11.59174143824215,0.9530221369971965
26118,"Jefferson Parish, LA",22051,2686,8311,26036,25912,386,1303,4949,26126,10.284095259973965,31.921186050084497,1.4896573016363075,4.987368904539539,18.942815586006276,22051,LA,"Jefferson, LA",1.0,1,427253.0,65246.0,16.3,10.9,74.0,3.0,3.0,1464.6,17.31994860188226,0.7021600784546862,0.7021600784546862,7.2900199939198655,10.482126442518663,-0.19803118254469787
16665,"Lafayette Parish, LA",22055,1700,2372,16351,16592,329,922,2511,16683,10.201020102010201,14.506757996452816,1.9828833172613307,5.526583947731224,15.051249775220285,22055,LA,"Lafayette, LA",2.0,1,254241.0,67660.0,17.4,8.7,46.0,3.0,2.0,899.3,18.093069174523386,1.1799827722515253,0.7866551815010168,6.802728041114431,10.777502779484136,-0.5764826774739351
9380,"Livingston Parish, LA",22063,838,2458,9253,9367,242,456,1133,9375,8.933901918976545,26.564357505673836,2.583537952386036,4.864,12.085333333333333,22063,LA,"Livingston, LA",2.0,1,152886.0,78617.0,13.1,7.1,1.0,1.0,0.0,219.5,0.6540821265518098,0.6540821265518098,0.0,5.395897694886901,8.860489057228852,0.07341286174769301
20168,"Orleans Parish, LA",22071,2521,6685,20014,20002,286,1102,5049,20175,12.5,33.40161886679324,1.42985701429857,5.462205700123916,25.026022304832715,22071,LA,"Orleans, LA",1.0,1,362701.0,55339.0,22.6,8.0,182.0,12.0,1.0,2265.6,50.17907312083507,3.308510315659455,0.2757091929716213,7.726036190298848,11.855876366379853,0.644123633620147
9816,"Ouachita Parish, LA",22073,1336,3578,8692,9796,492,750,1115,9817,13.610431947840262,41.16428900138058,5.022458146182115,7.639808495467047,11.357848629927677,22073,LA,"Ouachita, LA",3.0,1,157874.0,51241.0,24.0,7.6,12.0,1.0,2.0,262.8,7.600998264438729,0.6334165220365607,1.2668330440731215,5.575191240283214,9.897850774040386,3.712581173799876
7992,"Rapides Parish, LA",22079,998,675,7992,7989,431,585,895,7996,12.487487487487487,8.445945945945946,5.394918012266867,7.3161580790395195,11.193096548274138,22079,LA,"Rapides, LA",3.0,1,125899.0,55946.0,18.9,7.9,16.0,0.0,1.0,98.5,12.708599750593729,0.0,0.7942874844121081,4.600157644164547,9.332220540958895,3.1552669465285916
14410,"St. Tammany Parish, LA",22103,1280,3246,14390,14386,555,526,2885,14407,8.882720333102013,22.55733148019458,3.8579174197136106,3.6510029846602348,20.02498785312695,22103,LA,"St. Tammany, LA",2.0,0,277615.0,79277.0,12.2,8.0,34.0,3.0,2.0,313.0,12.247176845631541,1.080633251085136,0.7204221673900906,5.749392985908253,8.439670153797234,0.4430501793047785
9591,"Tangipahoa Parish, LA",22105,1042,2442,9562,9591,221,551,1174,9597,10.864351996663538,25.53859025308513,2.304243561672401,5.741377513806398,12.23298947587788,22105,LA,"Tangipahoa, LA",3.0,1,139823.0,57256.0,19.4,8.4,12.0,5.0,1.0,168.3,8.582279024194875,3.575949593414531,0.7151899186829062,5.13167228913909,10.015355288896245,0.8489967077672933
6500,"Terrebonne Parish, LA",22109,696,1637,6427,6491,285,483,755,6497,10.707692307692307,25.470670608370934,4.390694808195963,7.434200400184701,11.620748037555796,22109,LA,"Terrebonne, LA",3.0,1,103864.0,64819.0,16.5,9.5,13.0,0.0,1.0,89.1,12.516367557575292,0.0,0.9627975044288685,4.500920164614292,9.71934409748873,0.9883482102035774
5651,"Androscoggin County, ME",23001,532,1392,5631,5661,541,201,969,5647,9.414262962307555,24.720298348428344,9.55661543896838,3.5594120772091378,17.159553745351513,23001,ME,"Androscoggin, ME",3.0,1,115272.0,67298.0,13.0,8.1,6.0,10.0,0.0,237.5,5.205080158234437,8.675133597057394,0.0,5.474369310328396,8.347216230400505,1.06704673190705
13985,"Cumberland County, ME",23005,997,2090,13822,13985,560,146,4302,13989,7.129066857347158,15.120821878165243,4.0042903110475505,1.043677174923154,30.752734291228823,23005,ME,"Cumberland, ME",2.0,1,313809.0,92983.0,7.1,6.7,73.0,21.0,2.0,362.4,23.26255779789617,6.69196868158657,0.6373303506272924,5.895504155962071,6.63039082774095,0.4986760296062078
5291,"Kennebec County, ME",23011,431,831,5220,5299,457,178,835,5290,8.145908145908146,15.919540229885058,8.624268729949048,3.3648393194706996,15.784499054820415,23011,ME,"Kennebec, ME",4.0,1,128461.0,65062.0,12.3,8.1,9.0,7.0,2.0,142.5,7.0060173904920555,5.449124637049377,1.556892753442679,4.966335035199676,7.399134111356635,0.7467740345515113
6357,"Penobscot County, ME",23019,423,796,6351,6362,646,214,1029,6355,6.654082114204813,12.533459297748387,10.154039610185476,3.367427222659323,16.191974822974036,23019,ME,"Penobscot, ME",3.0,1,156840.0,63248.0,13.5,8.8,13.0,13.0,1.0,44.8,8.288701861769956,8.288701861769956,0.6375924509053813,3.824284091120139,7.519145562626727,-0.865063448421914
9120,"York County, ME",23031,680,1266,9055,9105,560,170,1947,9129,7.456140350877193,13.981225842076201,6.1504667764964305,1.86219739292365,21.32763720013145,23031,ME,"York, ME",2.0,1,220143.0,82904.0,7.8,7.1,13.0,4.0,0.0,213.9,5.9052524949691785,1.8170007676828241,0.0,5.370172803648464,6.898970565477458,0.5571697853997346
33957,"Anne Arundel County, MD",24003,2591,6253,32721,33705,773,738,8755,33966,7.6302382424831405,19.11005164878824,2.293428274736686,2.172760996290408,25.775775775775777,24003,MD,"Anne Arundel, MD",1.0,1,602350.0,120324.0,5.5,5.2,63.0,27.0,2.0,1418.2,10.459035444509006,4.482443761932431,0.3320328712542542,7.257848611555315,7.48710698995074,0.14313125253240067
46026,"Baltimore County, MD",24005,4298,10189,44721,45870,1401,1493,10939,46052,9.33820014774258,22.783479796963395,3.054283845650752,3.2419873186832278,23.753582906279856,24005,MD,"Baltimore, MD",1.0,1,852425.0,90904.0,10.0,6.0,147.0,32.0,3.0,1428.1,17.244918907821802,3.7539959527231135,0.35193712056779186,7.264800154487749,9.035293359508008,0.30290678823457107
8533,"Carroll County, MD",24013,511,1279,8389,8475,317,127,1990,8547,5.988515176374077,15.246155680057218,3.7404129793510323,1.4859014859014859,23.283023283023283,24013,MD,"Carroll, MD",1.0,1,177108.0,115876.0,5.3,4.3,9.0,10.0,1.0,386.2,5.081645097906362,5.6462723310070695,0.564627233100707,5.9589413554024215,6.742733135210654,-0.7542179588365769
5668,"Cecil County, MD",24015,461,1156,5187,5660,573,236,941,5676,8.133380381086804,22.28648544438018,10.123674911660778,4.157857646229739,16.57857646229739,24015,MD,"Cecil, MD",1.0,1,106305.0,91146.0,10.9,5.4,6.0,0.0,1.0,299.5,5.644137152532807,0.0,0.9406895254221344,5.705447753975262,8.514667118178842,-0.3812867370920383
8931,"Charles County, MD",24017,841,2262,8610,8899,209,241,2052,8933,9.416638674280597,26.27177700348432,2.348578491965389,2.6978618605171834,22.971006380835107,24017,MD,"Charles, MD",1.0,1,174478.0,120592.0,6.6,4.9,10.0,1.0,0.0,363.9,5.731381606850148,0.5731381606850148,0.0,5.899623343442402,7.857071524716738,1.5595671495638586
15662,"Frederick County, MD",24021,1012,2726,15374,15638,395,339,4062,15658,6.4614991699655215,17.73123455184077,2.5258984524875303,2.1650274620002556,25.94201047387917,24021,MD,"Frederick, MD",1.0,1,299317.0,120458.0,6.3,5.2,11.0,11.0,1.0,411.3,3.6750334929188786,3.6750334929188786,0.33409395390171626,6.021751239712854,7.113930372891597,-0.652431202926075
12965,"Harford County, MD",24025,999,1794,12464,12951,539,284,2944,12956,7.705360586193598,14.393453145057766,4.161840784495406,2.192034578573634,22.72306267366471,24025,MD,"Harford, MD",1.0,1,265514.0,111317.0,7.0,4.6,15.0,13.0,1.0,596.9,5.64941961629142,4.896163667452564,0.376627974419428,6.393423515886859,7.176202937317722,0.5291576488758762
15722,"Howard County, MD",24027,1352,2882,14927,15623,124,209,5330,15722,8.599414832718484,19.307295504789977,0.793701593804007,1.3293474112708308,33.901539244370944,24027,MD,"Howard, MD",1.0,0,339668.0,146982.0,5.1,4.3,103.0,15.0,1.0,1324.2,30.323727875454857,4.416076875066241,0.29440512500441607,7.189318670425741,7.143420224792107,1.4559946079263772
56915,"Montgomery County, MD",24031,4237,14990,54053,56814,329,1166,20374,56933,7.444434683299657,27.73204077479511,0.5790826204808673,2.048021358438867,35.785923805174505,24031,MD,"Montgomery, MD",1.0,1,1082273.0,128733.0,7.1,7.7,288.0,45.0,5.0,2153.8,26.61066108089179,4.157915793889342,0.4619906437654825,7.675453190806379,7.652484476763772,-0.20804979346411479
54019,"Prince George's County, MD",24033,5112,18375,49879,53844,403,2114,13695,54041,9.463336974027657,36.839150744802424,0.7484585097689622,3.911844710497585,25.341870061619883,24033,MD,"Prince George's, MD",1.0,1,966629.0,100708.0,10.2,10.9,65.0,26.0,1.0,2003.9,6.724399950756702,2.689759980302681,0.10345230693471849,7.603349463185134,9.343540352154063,0.11979662187359352
6848,"St. Mary's County, MD",24037,473,1291,6696,6827,314,188,1259,6855,6.907126168224299,19.280167264038234,4.599384795664275,2.742523705324581,18.36615609044493,24037,MD,"St. Mary's, MD",3.0,1,116469.0,114580.0,7.4,5.3,8.0,6.0,1.0,317.3,6.868780533875967,5.151585400406975,0.8585975667344958,5.762994334288047,7.23409398559008,-0.32696781736578107
8103,"Washington County, MD",24043,795,1668,7985,8026,782,370,1303,8101,9.811181044057756,20.889167188478396,9.743334163967107,4.5673373657573135,16.084434020491297,24043,MD,"Washington, MD",2.0,1,157228.0,74157.0,12.5,7.6,16.0,13.0,1.0,338.0,10.176304475029893,8.26824738596179,0.6360190296893683,5.82600010738045,8.550813971910932,1.260367072146824
35578,"Baltimore city, MD",24510,4269,10230,34416,35425,1616,2084,7349,35597,11.998988138737422,29.724546722454672,4.561750176429076,5.854425934769784,20.644998174003426,24510,MD,"Baltimore City, MD",1.0,1,568271.0,59623.0,20.1,6.6,180.0,61.0,6.0,7235.8,31.675028287559982,10.734315141895328,1.0558342762519994,8.886934398723579,11.642652614612583,0.35633552412483915
7366,"Barnstable County, MA",25001,454,1557,7352,7409,335,104,2155,7405,6.163453706217758,21.17791077257889,4.521527871507626,1.4044564483457123,29.101958136394327,25001,MA,"Barnstable, MA",3.0,1,232570.0,94452.0,7.4,3.0,24.0,7.0,1.0,580.9,10.319473706840952,3.009846497828611,0.429978071118373,6.366298611662624,7.165975541629485,-1.0025218354117271
4472,"Berkshire County, MA",25003,393,763,4456,4508,416,149,1053,4504,8.788014311270125,17.122980251346497,9.228039041703639,3.308170515097691,23.379218472468917,25003,MA,"Berkshire, MA",3.0,1,128726.0,72565.0,11.0,2.8,15.0,7.0,1.0,139.2,11.65265758277271,5.437906871960598,0.776843838851514,4.94306997460049,7.533972806386982,1.2540415048831424
28102,"Bristol County, MA",25005,2470,5584,27910,28187,1246,766,6298,28193,8.789410006405237,20.00716589036188,4.420477525100224,2.716986486007165,22.338878445004077,25005,MA,"Bristol, MA",1.0,1,588593.0,84198.0,11.6,3.4,28.0,19.0,2.0,1047.2,4.757107203109789,3.2280370306816426,0.3397933716506992,6.954829686368066,7.959113243264683,0.830296763140554
42407,"Essex County, MA",25009,2996,6787,42189,42507,656,1022,11424,42515,7.064871365576438,16.08713171679822,1.5432752252570165,2.4038574620722097,26.870516288368812,25009,MA,"Essex, MA",1.0,1,823938.0,99431.0,9.4,3.5,77.0,30.0,1.0,1644.3,9.345363364719189,3.641050661578905,0.1213683553859635,7.405678017392605,8.23078685413743,-1.1659154885609917
23473,"Hampden County, MA",25013,2176,5438,23412,23558,847,985,4547,23563,9.270225365313339,23.22740474970101,3.5953816113422192,4.18028264652209,19.297203242371516,25013,MA,"Hampden, MA",2.0,1,464151.0,70535.0,15.7,3.3,43.0,71.0,1.0,755.0,9.264226512492701,15.296746102022832,0.21544712819750467,6.628041376179533,9.5363348273455,-0.266109462032162
4450,"Hampshire County, MA",25015,332,788,4451,4493,159,62,1386,4493,7.46067415730337,17.70388676701865,3.5388381927442687,1.3799243267304697,30.847985755619852,25015,MA,"Hampshire, MA",3.0,1,165399.0,86391.0,10.9,2.5,28.0,14.0,1.0,307.9,16.928760149698608,8.464380074849304,0.6045985767749502,5.733017599924536,6.78106579613908,0.6796083611642905
78930,"Middlesex County, MA",25017,5586,11754,78306,79568,955,920,28322,79579,7.077156974534398,15.010344034939852,1.2002312487432134,1.1560838914789078,35.58979127659307,25017,MA,"Middlesex, MA",1.0,1,1668956.0,126779.0,7.5,2.4,256.0,60.0,5.0,1995.5,15.338930445140555,3.5950618230798175,0.29958848525665144,7.599150926503276,7.037853842708906,0.03930313182549128
34717,"Norfolk County, MA",25021,2430,4473,34466,34921,404,206,12790,34922,6.99945271768874,12.978007311553416,1.1568969960768591,0.5898860317278506,36.62447740679228,25021,MA,"Norfolk, MA",1.0,1,740754.0,126497.0,6.6,2.4,122.0,28.0,1.0,1832.8,16.469705192277058,3.779932339211128,0.13499758354325458,7.5141455956158,7.243541593618996,-0.24408887593025597
26342,"Plymouth County, MA",25023,1890,4746,26138,26445,635,415,7961,26438,7.174853845569812,18.157471880021426,2.401210058612214,1.569710265526893,30.111960057493004,25023,MA,"Plymouth, MA",1.0,1,542090.0,109698.0,7.1,2.4,23.0,20.0,1.0,806.1,4.242837905144903,3.6894242653433933,0.18447121326716967,6.6934475763303265,7.214602290068556,-0.03974844449874393
41141,"Suffolk County, MA",25025,3317,8575,40906,41298,401,914,12665,41298,8.062516710823752,20.962694959174694,0.9709913312993366,2.2131822364279143,30.667344665601238,25025,MA,"Suffolk, MA",1.0,1,793144.0,92859.0,16.5,3.1,257.0,101.0,5.0,13697.6,32.402691062404806,12.73413150701512,0.6304025498522337,9.525048916813462,8.421678016324389,-0.35916130550063663
42098,"Worcester County, MA",25027,3317,6164,41867,42440,1567,922,10212,42435,7.879234167893962,14.722812716459265,3.6922714420358154,2.172734770825969,24.065040650406505,25027,MA,"Worcester, MA",2.0,1,881248.0,93561.0,10.3,3.2,101.0,23.0,3.0,570.7,11.461018918624495,2.609935001270925,0.34042630451359884,6.348614378269926,7.517302726102491,0.3619314417914712
6023,"Allegan County, MI",26005,429,1028,6028,5993,438,192,797,6032,7.122696330732193,17.053749170537493,7.308526614383448,3.183023872679045,13.212864721485412,26005,MI,"Allegan, MI",4.0,1,122429.0,80255.0,9.3,5.7,1.0,1.0,0.0,146.0,0.8167999411904042,0.8167999411904042,0.0,4.990432586778736,7.735063254723184,-0.612366923990991
4512,"Bay County, MI",26017,398,887,4440,4472,638,224,581,4518,8.820921985815604,19.97747747747748,14.26654740608229,4.957945993802568,12.85967242142541,26017,MI,"Bay, MI",3.0,1,102651.0,60523.0,14.0,5.7,9.0,5.0,1.0,234.8,8.767571674898441,4.870873152721357,0.9741746305442713,5.462983988103271,9.338058686753097,-0.5171367009374936
7392,"Berrien County, MI",26021,648,1795,7389,7359,728,406,1169,7394,8.766233766233766,24.292867776424416,9.892648457670878,5.490938598863944,15.810116310522044,26021,MI,"Berrien, MI",3.0,1,152703.0,63152.0,15.2,6.9,12.0,13.0,1.0,271.8,7.858391780122197,8.513257761799046,0.6548659816768498,5.608738925969307,9.303914676484618,-0.5376809102508524
7294,"Calhoun County, MI",26025,704,2116,7283,7279,826,421,879,7290,9.65176857691253,29.053961279692434,11.347712597884325,5.775034293552812,12.05761316872428,26025,MI,"Calhoun, MI",3.0,1,133785.0,60385.0,14.2,6.2,10.0,12.0,2.0,190.2,7.474679523115446,8.969615427738535,1.4949359046230892,5.2533200006173,9.3207330721514,0.33103550476113064
5098,"Eaton County, MI",26045,444,1240,5031,5044,352,171,797,5098,8.709297763828953,24.647187437885112,6.978588421887391,3.354256571204394,15.633581796783051,26045,MI,"Eaton, MI",2.0,1,109494.0,78025.0,7.7,4.8,3.0,0.0,0.0,189.8,2.7398761575976764,0.0,0.0,5.251225759014186,7.994277174070475,0.7150205897584785
21207,"Genesee County, MI",26049,2277,6035,20856,21108,2420,1090,2715,21215,10.737020795020513,28.93651706942846,11.464847451203335,5.1378741456516615,12.797548904077304,26049,MI,"Genesee, MI",2.0,1,402279.0,60673.0,15.9,5.2,51.0,9.0,3.0,637.8,12.677768414458622,2.237253249610345,0.7457510832034484,6.459591416340857,9.683448665406422,1.053572129614091
14143,"Ingham County, MI",26065,1292,4134,13930,14003,1114,609,2424,14142,9.135261259987272,29.676956209619526,7.95543812040277,4.306321595248197,17.140432753500214,26065,MI,"Ingham, MI",2.0,1,290427.0,64354.0,16.4,5.8,45.0,5.0,1.0,512.3,15.494427171027487,1.7216030190030542,0.34432060380061086,6.2408604695662575,10.374133757280173,-1.2388724972929008
7989,"Jackson County, MI",26075,777,1479,7974,7922,985,446,958,7983,9.725873075478784,18.54778028592927,12.433728856349406,5.586872103219341,12.00050106476262,26075,MI,"Jackson, MI",3.0,1,160233.0,65004.0,12.2,5.6,6.0,4.0,1.0,228.5,3.7445470034262605,2.4963646689508403,0.6240911672377101,5.4359030295006,8.456552234990774,1.2693208404880103
13242,"Kalamazoo County, MI",26077,1075,2487,13228,13236,1202,531,2354,13242,8.118109046971757,18.801028122165103,9.081293442127532,4.009968282736747,17.776770880531643,26077,MI,"Kalamazoo, MI",2.0,1,264780.0,70525.0,13.3,5.1,42.0,29.0,2.0,465.6,15.862225243598457,10.952488858675126,0.7553440592189742,6.1454723595873295,8.6256024007325,-0.5074933537607436
40389,"Kent County, MI",26081,3644,9171,40323,40175,667,1360,7236,40405,9.02225853573993,22.743843464027975,1.6602364654635968,3.365920059398589,17.908674668976612,26081,MI,"Kent, MI",1.0,1,673002.0,80390.0,10.6,5.5,121.0,34.0,3.0,775.1,17.979144192736427,5.051990930190401,0.44576390560503537,6.6542813778600935,8.875574761762113,0.1466837739778164
8513,"Livingston County, MI",26093,568,994,8458,8432,295,96,1843,8521,6.6721484787971335,11.752187278316386,3.4985768500948766,1.126628330008215,21.628916793803544,26093,MI,"Livingston, MI",1.0,0,196976.0,101315.0,4.9,3.8,10.0,2.0,0.0,343.0,5.076760620583219,1.0153521241166437,0.0,5.840641657373398,6.707491289475379,-0.03534281067824541
43325,"Macomb County, MI",26099,4068,6853,42177,43181,2034,902,8326,43342,9.389497980380842,16.24819214263698,4.710405039253375,2.0811222370910434,19.21000415301555,26099,MI,"Macomb, MI",1.0,1,886175.0,76399.0,9.8,5.5,43.0,9.0,2.0,1838.4,4.852314723389849,1.0156007560583404,0.22568905690185345,7.517194710468598,7.745357558905018,1.6441404214758242
7400,"Monroe County, MI",26115,545,1302,7397,7374,655,221,1078,7407,7.364864864864865,17.601730431255916,8.882560347165718,2.983664101525584,14.553800459025247,26115,MI,"Monroe, MI",3.0,1,156045.0,75272.0,11.1,4.9,6.0,3.0,1.0,281.8,3.845044698644622,1.922522349322311,0.640840783107437,5.644739934022418,7.669053464698422,-0.30418859983355695
9252,"Muskegon County, MI",26121,945,2488,9231,9234,1014,539,1080,9246,10.214007782101167,26.95265951684541,10.981156595191683,5.829547912610859,11.680726800778714,26121,MI,"Muskegon, MI",3.0,1,177428.0,63495.0,12.6,5.1,6.0,3.0,1.0,348.9,3.381653403070541,1.6908267015352705,0.5636089005117568,5.857647399373643,8.942475013095333,1.2715327690058338
61886,"Oakland County, MI",26125,5032,8202,61292,61665,1680,951,15233,61919,8.13107972724041,13.3818442863669,2.7243979567015324,1.535877517401767,24.601495502188342,26125,MI,"Oakland, MI",1.0,1,1296888.0,95296.0,7.7,4.7,332.0,51.0,7.0,1469.4,25.599743385704855,3.9324907008161074,0.5397536256022109,7.293289751601423,7.400093243710703,0.7309864835297066
15467,"Ottawa County, MI",26139,1031,2581,15425,15308,381,342,2500,15463,6.6658046162798215,16.73257698541329,2.4888946955840083,2.211731229386277,16.16762594580612,26139,MI,"Ottawa, MI",1.0,1,306235.0,87144.0,8.2,4.6,15.0,10.0,1.0,525.6,4.898199095465901,3.2654660636439337,0.32654660636439337,6.266441247062209,7.3932277108598115,-0.72742309457999
9587,"Saginaw County, MI",26145,991,2107,9299,9379,1089,532,1237,9577,10.336914571816001,22.65835036025379,11.61104595372641,5.554975462044482,12.916362117573353,26145,MI,"Saginaw, MI",3.0,1,187714.0,58347.0,18.1,5.5,28.0,8.0,1.0,237.4,14.916308852829303,4.261802529379801,0.5327253161724751,5.473949935191195,10.46645518957202,-0.12954061775601922
7227,"St. Clair County, MI",26147,554,1238,7150,7206,951,264,1058,7229,7.665698076656981,17.314685314685313,13.197335553705246,3.6519573938304055,14.635495919214275,26147,MI,"St. Clair, MI",1.0,1,160308.0,69349.0,11.0,4.9,5.0,0.0,1.0,222.3,3.1189959328293035,0.0,0.6237991865658606,5.408516158846112,7.898962636264354,-0.23326455960737302
15743,"Washtenaw County, MI",26161,1260,2773,15687,15453,526,283,4410,15746,8.003557136505114,17.67705743609358,3.4038697987445805,1.7972818493585672,28.007112917566367,26161,MI,"Washtenaw, MI",2.0,1,373875.0,87156.0,13.8,4.3,131.0,67.0,2.0,527.3,35.03844867937145,17.92042795051822,0.5349381477766634,6.26966430417027,7.51808962371336,0.4854675127917538
103915,"Wayne County, MI",26163,12068,22898,99976,103119,5039,4614,17899,104056,11.613337824183226,22.903496839241416,4.886587340839225,4.434150841854386,17.20131467671254,26163,MI,"Wayne, MI",1.0,1,1771063.0,59521.0,20.1,5.7,212.0,70.0,9.0,2931.4,11.97021223976787,3.952428569734674,0.5081693875373152,7.9835764793494315,10.284637264529971,1.3287005596532548
20095,"Anoka County, MN",27003,1466,3231,19987,20113,645,309,4457,20117,7.295347101268972,16.165507579926953,3.2068811216626063,1.5360143162499378,22.155390962867227,27003,MN,"Anoka, MN",1.0,1,376840.0,98764.0,6.6,5.2,21.0,6.0,1.0,862.4,5.572656830485086,1.5921876658528817,0.2653646109754803,6.760878083121377,7.050924413505949,0.24442268776302356
24421,"Dakota County, MN",27037,1688,3990,24327,24426,523,388,5984,24430,6.912083862249703,16.40152916512517,2.1411610578891347,1.588211215718379,24.49447400736799,27037,MN,"Dakota, MN",1.0,0,453156.0,105212.0,5.6,4.4,24.0,8.0,1.0,782.0,5.296189391732649,1.7653964639108828,0.22067455798886035,6.663132695990803,7.328845912159135,-0.41676204990943244
71959,"Hennepin County, MN",27053,5647,13664,71639,72037,1594,1528,20573,72076,7.847524284662099,19.073409734920922,2.2127517803351058,2.119984460846884,28.543481880237525,27053,MN,"Hennepin, MN",1.0,1,1273334.0,96339.0,10.0,5.2,294.0,127.0,4.0,2313.1,23.088993147124008,9.973816767635201,0.31413596118536063,7.746776122031626,7.844605880245352,0.0029184044167474
9658,"Olmsted County, MN",27109,716,1128,9602,9666,370,197,2182,9663,7.413543176641126,11.747552593209749,3.8278501965652802,2.0387043361274966,22.58097899203146,27109,MN,"Olmsted, MN",3.0,1,166424.0,93494.0,7.9,4.1,59.0,20.0,2.0,249.2,35.45161755516031,12.01749747632553,1.201749747632553,5.522260598032811,7.05488953694962,0.3586536396915063
32829,"Ramsey County, MN",27123,2831,7225,32681,32852,1105,975,7894,32864,8.623473148740443,22.10764664483951,3.363569950079143,2.9667721518987342,24.02020447906524,27123,MN,"Ramsey, MN",1.0,1,542015.0,81004.0,12.4,6.7,61.0,77.0,2.0,3628.0,11.254301080228409,14.206248904550613,0.36899347804027566,8.19671240721307,8.512172323257575,0.1113008254828678
8793,"St. Louis County, MN",27137,647,960,8761,8787,1013,300,1554,8796,7.358125781871943,10.957653235931971,11.528394218732219,3.4106412005457027,17.66712141882674,27137,MN,"St. Louis, MN",2.0,1,200794.0,69455.0,13.4,5.8,28.0,8.0,3.0,32.1,13.944639780073109,3.984182794306603,1.494068547864976,3.4995332823830174,7.643068243431623,-0.2849424615596794
8316,"Scott County, MN",27139,553,1191,8281,8337,168,103,1950,8330,6.64983164983165,14.38232097572757,2.0151133501259446,1.2364945978391357,23.4093637454982,27139,MN,"Scott, MN",1.0,1,157206.0,120247.0,4.1,4.4,8.0,2.0,1.0,423.6,5.088864292711474,1.2722160731778684,0.6361080365889342,6.051147549269156,6.390649136148374,0.2591825136832755
10008,"Stearns County, MN",27145,692,1883,9987,10015,593,242,1686,10009,6.914468425259792,18.85451086412336,5.921118322516226,2.417823958437406,16.84483964432011,27145,MN,"Stearns, MN",3.0,1,163997.0,76447.0,12.2,5.2,15.0,2.0,4.0,117.9,9.14650877759959,1.2195345036799454,2.439069007359891,4.778282803696737,6.99393872297192,-0.07947029771212755
13719,"Washington County, MN",27163,948,1779,13675,13735,305,162,3633,13731,6.910124644653401,13.009140767824498,2.220604295595195,1.179812103998252,26.458378850775617,27163,MN,"Washington, MN",1.0,1,283960.0,114457.0,5.0,3.9,32.0,16.0,1.0,695.5,11.269192844062545,5.634596422031272,0.3521622763769545,6.54606779321986,6.788664360000278,0.12146028465312231
9230,"Wright County, MN",27171,489,1344,9177,9251,304,111,1849,9253,5.297941495124594,14.645308924485127,3.286131229056318,1.1996109369934076,19.98270831081811,27171,MN,"Wright, MN",1.0,0,154593.0,106666.0,4.9,4.4,9.0,2.0,2.0,213.8,5.821738371077604,1.2937196380172453,1.2937196380172453,5.36970736263471,6.600741633379495,-1.3028001382549013
11071,"DeSoto County, MS",28033,1158,3023,10932,11057,415,598,1649,11079,10.459759732634812,27.652762532016098,3.7532784661300536,5.39759906128712,14.884014802780035,28033,MS,"DeSoto, MS",1.0,0,195871.0,82980.0,10.0,10.6,13.0,1.0,2.0,389.0,6.637021304838389,0.5105401003721838,1.0210802007443676,5.966146739123692,8.6232875435915,1.8364721890433113
12172,"Harrison County, MS",28047,1366,2537,11824,12084,577,761,1674,12168,11.222477817942819,21.4563599458728,4.774908970539556,6.254109138724523,13.757396449704142,28047,MS,"Harrison, MS",2.0,1,213730.0,57233.0,17.4,14.1,23.0,5.0,3.0,363.7,10.7612408178543,2.3394001777944133,1.403640106676648,5.8990750978146345,9.535637102496844,1.6868407154459746
13205,"Hinds County, MS",28049,2082,3305,12743,13216,459,972,1695,13218,15.766755017039001,25.93580789453033,3.473062953995157,7.353608715388107,12.823422605537903,28049,MS,"Hinds, MS",2.0,1,211975.0,49966.0,21.6,12.9,53.0,7.0,3.0,261.8,25.00294846090341,3.3022762118174316,1.4152612336360422,5.571393286610456,11.901785819107278,3.864969197931723
7686,"Jackson County, MS",28059,752,1167,7475,7687,476,458,1001,7687,9.784022898776998,15.612040133779264,6.192272668141017,5.958111096656693,13.02198516976714,28059,MS,"Jackson, MS",2.0,1,147002.0,64756.0,14.1,12.5,11.0,0.0,1.0,198.2,7.482891389232799,0.0,0.6802628535666181,5.294309345150498,8.57019583140056,1.213827067376437
8669,"Rankin County, MS",28121,926,1704,8596,8671,266,397,1227,8662,10.681739531664553,19.823173569101908,3.067696920770384,4.5832371276841375,14.165319787577927,28121,MS,"Rankin, MS",2.0,1,160573.0,77454.0,10.0,10.9,32.0,0.0,1.0,202.5,19.928630591693498,0.0,0.6227697059904218,5.31566600488265,9.135965733468339,1.5457737981962136
9628,"Boone County, MO",29019,824,1575,9550,9539,639,278,1803,9631,8.558371416701288,16.49214659685864,6.698815389453821,2.8865123040182743,18.72079742498183,29019,MO,"Boone, MO",3.0,1,192154.0,69913.0,17.1,8.4,43.0,3.0,2.0,267.8,22.377884405216648,1.5612477492011616,1.0408318328007744,5.5939676086489944,8.052179875834593,0.5061915408666948
14681,"Clay County, MO",29047,1168,2874,14511,14624,759,456,2437,14689,7.955861317348955,19.805664668182757,5.1900984682713345,3.1043638096534822,16.590646061678807,29047,MO,"Clay, MO",1.0,0,263370.0,86150.0,8.5,7.7,22.0,3.0,2.0,637.1,8.353267266583133,1.1390818999886092,0.7593879333257394,6.458495010874302,7.813443625490171,0.1424176918587836
5622,"Franklin County, MO",29071,463,903,5527,5550,612,266,723,5626,8.235503379580221,16.337977202822508,11.027027027027026,4.7280483469605405,12.851048702452898,29071,MO,"Franklin, MO",1.0,1,107256.0,71973.0,8.2,10.2,4.0,2.0,2.0,113.5,3.729395092116059,1.8646975460580295,1.8646975460580295,4.740574822994295,8.051595677845224,0.18390770173499682
16320,"Greene County, MO",29077,1365,4002,16140,16212,1602,906,2145,16314,8.363970588235293,24.79553903345725,9.881569207994078,5.553512320706142,13.148216255976463,29077,MO,"Greene, MO",2.0,1,307942.0,57488.0,14.4,11.1,33.0,7.0,2.0,442.6,10.7163037195316,2.273155334446097,0.6494729526988849,6.094923255476212,9.235711692779182,-0.8717411045438883
42894,"Jackson County, MO",29095,4268,12056,42384,42474,2568,2217,6909,42917,9.950109572434373,28.444696111740278,6.046051702217827,5.165785120115572,16.098515739683574,29095,MO,"Jackson, MO",1.0,1,727362.0,67178.0,13.8,11.1,89.0,16.0,7.0,1186.4,12.235998031241666,2.199729983144569,0.962381867625749,7.079521321836575,9.179683534157935,0.7704260382764385
7816,"Jasper County, MO",29097,632,1698,7736,7630,735,588,807,7816,8.085977482088024,21.949327817993794,9.63302752293578,7.523029682702149,10.324974411463664,29097,MO,"Jasper, MO",3.0,1,126479.0,57525.0,18.4,14.0,9.0,2.0,1.0,192.3,7.115805785940749,1.5812901746534997,0.7906450873267499,5.264243386214285,9.540830726196653,-1.4548532441086284
11871,"Jefferson County, MO",29099,971,2678,11536,11663,1087,393,1784,11875,8.179597338050712,23.214285714285715,9.320072022635685,3.309473684210526,15.023157894736842,29099,MO,"Jefferson, MO",1.0,1,231888.0,80522.0,8.6,9.5,6.0,1.0,1.0,345.4,2.587456013247775,0.43124266887462914,0.43124266887462914,5.84759417668828,8.081887988294051,0.09770934975666101
20613,"St. Charles County, MO",29183,1532,3602,19959,20296,657,349,4258,20615,7.432202978702761,18.04699634250213,3.2370910524241228,1.6929420325006064,20.654862963861266,29183,MO,"St. Charles, MO",1.0,1,423726.0,102912.0,4.7,6.2,30.0,1.0,2.0,723.0,7.080047011512156,0.2360015670504052,0.4720031341008104,6.584791392385716,7.028898295378929,0.4033046833238316
51161,"St. Louis County, MO",29189,5150,12634,48940,50006,1903,1594,11472,51191,10.066261410058443,25.815284021250513,3.805543334799824,3.1138286026840656,22.410189291086322,29189,MO,"St. Louis, MO",1.0,1,992929.0,81340.0,9.6,7.3,248.0,26.0,7.0,1977.1,24.97660960652776,2.618515523265007,0.704984948571348,7.5898920670220305,8.708725829265264,1.3575355807931793
17224,"St. Louis city, MO",29510,2162,6017,16248,16918,1153,944,3370,17232,12.552252670692058,37.032250123092076,6.815226386097647,5.478180129990715,19.556638811513462,29510,MO,"St. Louis City, MO",1.0,1,279695.0,55279.0,19.8,9.6,94.0,6.0,1.0,4885.0,33.60803732637337,2.145193871896173,0.35753231198269547,8.494129251817686,11.461652415356912,1.0906002553351453
5348,"Missoula County, MT",30063,410,701,5353,5354,348,113,1205,5346,7.6664173522812264,13.095460489445172,6.499813223757938,2.113729891507669,22.54021698466143,30063,MT,"Missoula, MT",3.0,1,122546.0,71246.0,10.9,9.0,12.0,10.0,2.0,45.5,9.79224128082516,8.160201067354299,1.63204021347086,3.8394523125933104,6.957839579653209,0.7085777726280176
9156,"Yellowstone County, MT",30111,710,1647,9145,9155,1135,336,1402,9150,7.754477937964176,18.009841443411702,12.397596941561988,3.6721311475409837,15.3224043715847,30111,MT,"Yellowstone, MT",3.0,1,171583.0,74400.0,10.2,9.2,18.0,9.0,2.0,62.6,10.490549763088419,5.245274881544209,1.1656166403431576,4.152613470346076,7.642369784627711,0.1121081533364654
39639,"Douglas County, NE",31055,3608,8479,38730,39629,1630,1645,7776,39659,9.102146875551856,21.892589723728374,4.113149461253123,4.147860510855039,19.60715096195063,31055,NE,"Douglas, NE",2.0,1,601158.0,79081.0,11.2,7.9,132.0,21.0,2.0,1790.8,21.957621789945403,3.493258012036769,0.33269123924159705,7.490975980163478,9.184398757560377,-0.08225188200852074
18446,"Lancaster County, NE",31109,1322,3457,18121,18444,898,629,3446,18438,7.166865445082945,19.07731361403896,4.868792019084797,3.411432910293958,18.689662653216185,31109,NE,"Lancaster, NE",2.0,1,332857.0,72625.0,11.7,7.3,31.0,9.0,0.0,385.2,9.313308718158249,2.7038638214007817,0.0,5.956355369994414,8.319758373594608,-1.1528929285116627
11958,"Sarpy County, NE",31153,897,1881,11726,11950,368,254,2238,11958,7.501254390366282,16.04127579737336,3.079497907949791,2.124101020237498,18.715504264927244,31153,NE,"Sarpy, NE",2.0,0,204828.0,101402.0,5.2,4.6,12.0,0.0,0.0,800.5,5.858574023082781,0.0,0.0,6.686484972049608,7.688341327560524,-0.18708693719424208
123237,"Clark County, NV",32003,11837,23771,120863,122677,2808,4886,24953,123254,9.605069905953568,19.667722959052814,2.288937616668161,3.964171548185049,20.245184740454672,32003,NV,"Clark, NV",1.0,1,2398871.0,73845.0,13.2,13.6,202.0,29.0,4.0,287.1,8.420627870360681,1.208902020992375,0.16674510634377587,5.663307642090483,8.385385367158525,1.2196845387950432
24783,"Washoe County, NV",32031,2149,7487,23689,24340,679,1006,4917,24782,8.671266594036235,31.605386466292373,2.789646672144618,4.059397950125091,19.841013638931482,32031,NV,"Washoe, NV",2.0,1,507280.0,85600.0,10.7,12.9,54.0,10.0,1.0,77.0,10.645008673710771,1.9712979025390318,0.19712979025390318,4.356708826689592,7.862842266776233,0.8084243272600018
20721,"Hillsborough County, NH",33011,1464,3151,20625,20680,905,374,4614,20736,7.065296076444187,15.277575757575757,4.376208897485493,1.8036265432098766,22.25115740740741,33011,NH,"Hillsborough, NH",2.0,1,430462.0,100436.0,6.5,6.6,53.0,38.0,4.0,482.5,12.312352774460928,8.827724630745571,0.9292341716574286,6.181051314893349,7.107968861625939,-0.042672785181752104
6443,"Merrimack County, NH",33013,416,757,6428,6448,277,107,1434,6463,6.456619587148844,11.776602364654636,4.29590570719603,1.655577904997679,22.18783846510908,33013,NH,"Merrimack, NH",4.0,1,157869.0,93944.0,7.1,6.9,22.0,10.0,1.0,164.9,13.935604836921753,6.334365834964433,0.6334365834964433,5.111385197196399,6.843278568635017,-0.38665898148617295
13698,"Rockingham County, NH",33015,862,1543,13656,13614,294,110,3680,13728,6.292889472915754,11.299062683069712,2.1595416483032173,0.8012820512820513,26.806526806526808,33015,NH,"Rockingham, NH",1.0,1,322433.0,113927.0,4.8,4.9,28.0,13.0,1.0,451.8,8.683974655199684,4.031845375628425,0.3101419519714173,6.115450526888973,6.8748606588027705,-0.5819711858870162
5756,"Strafford County, NH",33017,421,870,5727,5640,349,128,1184,5764,7.31410701876303,15.191199580932425,6.1879432624113475,2.220680083275503,20.541290770298403,33017,NH,"Strafford, NH",1.0,1,134202.0,86564.0,8.8,5.6,10.0,22.0,1.0,356.2,7.451453778632211,16.393198312990865,0.7451453778632211,5.878295849002344,7.302292383900067,0.011814634862963302
13732,"Atlantic County, NJ",34001,1119,3379,13646,13653,700,483,2850,13728,8.148849402854646,24.761834969954567,5.127078297810005,3.5183566433566433,20.76048951048951,34001,NJ,"Atlantic, NJ",2.0,1,279114.0,76819.0,13.1,8.7,21.0,18.0,0.0,494.2,7.523807476514972,6.4489778370128334,0.0,6.2049617213703865,8.998898124286447,-0.8500487214318007
45006,"Bergen County, NJ",34003,3354,6976,44640,44103,239,404,16253,45007,7.452339688041595,15.627240143369175,0.5419132485318459,0.8976381451774168,36.11216033061524,34003,NJ,"Bergen, NJ",1.0,0,978641.0,123715.0,6.7,6.8,227.0,12.0,5.0,4105.6,23.195431215328195,1.2261901964050148,0.5109125818354228,8.320350714521398,7.097259020240711,0.355080667800884
23015,"Burlington County, NJ",34005,1782,4101,22760,22840,602,393,5792,23010,7.742776450141212,18.018453427065026,2.635726795096322,1.7079530638852674,25.17166449369839,34005,NJ,"Burlington, NJ",1.0,1,475515.0,105271.0,6.8,5.0,48.0,5.0,1.0,577.8,10.094318791205325,1.0514915407505545,0.2102983081501109,6.360956994757329,7.407021830891804,0.33575461924940875
30155,"Camden County, NJ",34007,2760,6481,29430,29781,1043,970,7050,30170,9.15271099320179,22.02174651715936,3.5022329673281622,3.2151143520053034,23.367583692409678,34007,NJ,"Camden, NJ",1.0,1,533988.0,86384.0,12.2,8.5,91.0,29.0,4.0,2364.9,17.041581458759374,5.430833651692548,0.7490805036817307,7.768913778218243,8.991112500245944,0.1615984929558465
9057,"Cumberland County, NJ",34011,877,2895,9021,9033,498,608,1320,9052,9.683118030252842,32.0917858330562,5.513118565260711,6.716747680070703,14.582412726469288,34011,NJ,"Cumberland, NJ",3.0,1,155678.0,64499.0,16.3,10.3,4.0,1.0,1.0,318.9,2.5694060817841957,0.6423515204460489,0.6423515204460489,5.768008446955473,9.60438410538008,0.07873392487276298
49303,"Essex County, NJ",34013,4492,17555,48405,49162,558,1609,14523,49309,9.1110074437661,36.26691457494061,1.1350229852324967,3.2630959865338984,29.453041026993045,34013,NJ,"Essex, NJ",1.0,1,881527.0,76712.0,15.0,10.6,153.0,27.0,5.0,6850.4,17.35624660390436,3.0628670477478286,0.567197601434783,8.832208289935657,9.381818035998158,-0.27081059223205806
14677,"Gloucester County, NJ",34015,1149,2318,14526,14514,570,261,3614,14668,7.828575321932275,15.957593281013356,3.927242662257131,1.7793836923916007,24.638669211889827,34015,NJ,"Gloucester, NJ",1.0,0,311783.0,102807.0,7.6,5.0,11.0,9.0,1.0,938.8,3.5280948608487313,2.8866230679671436,0.32073589644079376,6.8456670866687155,7.3109063796510405,0.5176689422812348
45402,"Hudson County, NJ",34017,3753,10421,45070,45271,298,881,14205,45407,8.26615567596141,23.121810516973596,0.6582580459897064,1.9402294800361177,31.283722774021626,34017,NJ,"Hudson, NJ",1.0,1,736185.0,90032.0,14.8,10.4,62.0,7.0,2.0,15691.7,8.4217961517825,0.950847952620605,0.2716708436058871,9.660950915052322,7.85228203431907,0.41387364164234075
5294,"Hunterdon County, NJ",34019,303,710,5291,5284,84,39,1801,5296,5.723460521344919,13.41901341901342,1.5897047691143074,0.736404833836858,34.00679758308157,34019,NJ,"Hunterdon, NJ",1.0,1,131708.0,139453.0,3.8,4.4,21.0,1.0,1.0,301.4,15.944361769976007,0.7592553223798099,0.7592553223798099,5.711750644305378,6.6004295758983895,-0.876969054553471
20494,"Mercer County, NJ",34021,1635,7220,20338,20445,317,942,5254,20503,7.977944764321265,35.50004916904317,1.5505013450721448,4.594449592742525,25.625518216846316,34021,NJ,"Mercer, NJ",2.0,1,392138.0,96333.0,11.1,8.7,48.0,36.0,2.0,1725.8,12.24058877231995,9.180441579239961,0.5100245321799979,7.454025263681323,9.301250303306466,-1.3233055389852009
42274,"Middlesex County, NJ",34023,3439,10362,42067,42221,433,810,11864,42285,8.135023891753796,24.632134452183422,1.025556002936927,1.9155728981908478,28.05723069646447,34023,NJ,"Middlesex, NJ",1.0,1,890119.0,109028.0,8.5,7.3,131.0,7.0,5.0,2791.4,14.717133327116937,0.7864117045024317,0.5617226460731655,7.934656720096246,7.719920248782613,0.4151036429711832
31244,"Monmouth County, NJ",34025,2151,5556,31047,31131,279,417,9964,31252,6.884521828191013,17.895448835636294,0.8962127782596127,1.3343146038653526,31.88275950339178,34025,NJ,"Monmouth, NJ",1.0,1,647520.0,122727.0,6.4,6.1,146.0,16.0,4.0,1374.7,22.547566098344454,2.4709661477637757,0.6177415369409439,7.22671797146695,7.185974124971243,-0.30145229678023
24505,"Morris County, NJ",34027,1515,3915,24307,24402,143,227,8621,24514,6.18241175270353,16.106471386843296,0.5860175395459388,0.9260014685485844,35.1676592967284,34027,NJ,"Morris, NJ",1.0,1,523053.0,134929.0,5.1,5.3,95.0,18.0,2.0,1104.8,18.162595377523886,3.441333861004525,0.38237042900050283,7.008324333903833,6.9734314006123475,-0.7910196479088176
51103,"Ocean County, NJ",34029,2998,11653,50833,51026,514,583,11148,51107,5.866583175156057,22.92408474809671,1.0073295966762044,1.1407439294030173,21.813058876474848,34029,NJ,"Ocean, NJ",1.0,1,666434.0,86411.0,10.4,5.8,37.0,14.0,3.0,1014.2,5.551937626231554,2.100733155871399,0.45015710482958554,6.922840916400178,7.313658335082364,-1.4470751599263068
31338,"Passaic County, NJ",34031,2884,8313,30849,30963,313,1071,7397,31334,9.202884676750271,26.94738889429155,1.010883958272777,3.4180123827152613,23.606944533095042,34031,NJ,"Passaic, NJ",1.0,1,526597.0,87137.0,13.7,12.3,48.0,19.0,0.0,2817.6,9.115129786155256,3.6080722070197893,0.0,7.943995586757411,9.21033993288609,-0.007455256135818544
15887,"Somerset County, NJ",34035,1170,3302,15817,15878,169,244,5342,15882,7.364511865046894,20.87627236517671,1.0643657891422094,1.5363304369726736,33.63556227175419,34035,NJ,"Somerset, NJ",1.0,0,357467.0,135960.0,5.5,5.3,57.0,1.0,1.0,1144.1,15.945527838933385,0.2797461024374278,0.2797461024374278,7.043247248419294,7.371724130734475,-0.007212265687581265
6880,"Sussex County, NJ",34037,435,1045,6855,6849,207,68,1911,6888,6.3226744186046515,15.24434719183078,3.0223390275952693,0.9872241579558653,27.74390243902439,34037,NJ,"Sussex, NJ",1.0,0,147444.0,114316.0,5.4,5.4,7.0,1.0,1.0,278.1,4.747565177287648,0.6782235967553784,0.6782235967553784,5.6315701405422764,6.462883662382103,-0.14020924377745114
32925,"Union County, NJ",34039,2440,9862,32531,32859,198,908,10042,32933,7.410782080485953,30.315698871845317,0.6025746370857299,2.7571129262441927,30.49221145963016,34039,NJ,"Union, NJ",1.0,1,594160.0,100117.0,8.9,12.6,48.0,12.0,2.0,5598.6,8.078632018311566,2.0196580045778916,0.33660966742964854,8.63045044560067,8.1073662966861,-0.6965842162001472
5213,"Warren County, NJ",34041,364,925,5205,5202,197,112,1316,5220,6.982543640897756,17.77137367915466,3.7870049980776623,2.1455938697318007,25.21072796934866,34041,NJ,"Warren, NJ",2.0,0,112031.0,99596.0,8.1,6.0,2.0,12.0,0.0,307.5,1.785220162276513,10.711320973659078,0.0,5.731721843345443,7.409528435031434,-0.42698479413367796
32114,"Bernalillo County, NM",35001,3116,7233,30790,31965,1033,1429,6052,32123,9.702933300118328,23.491393309516077,3.2316596277178165,4.448525978271021,18.840083429318558,35001,NM,"Bernalillo, NM",2.0,1,671747.0,66514.0,15.8,9.9,137.0,99.0,4.0,582.5,20.394583079641592,14.737691422514727,0.5954622796975647,6.3690444517266105,10.166861166521507,-0.4639278664031785
12744,"Dona Ana County, NM",35013,1098,4381,12718,12736,259,912,1752,12755,8.615819209039548,34.44724013209624,2.033605527638191,7.150137201097609,13.73578988631909,35013,NM,"Dona Ana, NM",3.0,1,229366.0,55663.0,22.2,12.1,16.0,19.0,0.0,57.7,6.975750547160433,8.283703774753015,0.0,4.072439726834051,9.051838666646184,-0.4360194576066352
6512,"Sandoval County, NM",35043,582,1569,6335,6496,147,222,1285,6523,8.937346437346438,24.767166535122335,2.2629310344827585,3.403342020542695,19.69952475854668,35043,NM,"Sandoval, NM",2.0,1,157757.0,84053.0,10.0,7.9,7.0,3.0,0.0,40.1,4.437204054336734,1.9016588804300285,0.0,3.716008121502189,7.904460079845321,1.0328863575011171
6302,"San Juan County, NM",35045,507,1880,6220,6298,323,434,893,6301,8.04506505871152,30.225080385852092,5.128612257859638,6.887795588001905,14.172353594667513,35045,NM,"San Juan, NM",3.0,1,120817.0,53020.0,23.2,12.8,9.0,7.0,1.0,22.1,7.449282799606016,5.7938866219157905,0.8276980888451129,3.139832617527748,8.964194987827543,-0.9191299291160231
5542,"Santa Fe County, NM",35049,616,1650,5464,5521,149,272,1257,5547,11.115120894983761,30.19765739385066,2.698786451729759,4.9035514692626645,22.66089778258518,35049,NM,"Santa Fe, NM",3.0,1,157765.0,74689.0,12.5,12.0,12.0,8.0,2.0,81.0,7.606249801920578,5.070833201280386,1.2677083003200964,4.406719247264253,7.671971815317083,3.4431490796666777
13858,"Albany County, NY",36001,1256,2759,13716,13864,685,356,3496,13860,9.063356905758408,20.11519393409157,4.940854010386613,2.5685425685425685,25.223665223665222,36001,NY,"Albany, NY",2.0,1,319964.0,83149.0,12.9,4.5,59.0,13.0,1.0,602.1,18.439574452125864,4.062957082671801,0.31253516020552313,6.402083020456941,7.947688370423458,1.1156685353349491
84781,"Bronx County, NY",36005,9053,28625,82294,84787,392,3069,19497,84808,10.678100046000873,34.78382385107055,0.46233502777548446,3.6187623809074614,22.98957645505141,36005,NY,"Bronx, NY",1.0,1,1384724.0,49036.0,26.9,7.3,139.0,60.0,5.0,34920.3,10.038101455596928,4.332993434070617,0.36108278617255135,10.460852237210196,9.208926763539246,1.469173282461627
8724,"Broome County, NY",36007,738,1910,8724,8742,903,351,1581,8734,8.45942228335626,21.893626776707933,10.329444063143445,4.018777192580719,18.10167162811999,36007,NY,"Broome, NY",3.0,1,196397.0,61059.0,18.9,5.2,15.0,10.0,0.0,281.6,7.637591205568313,5.091727470378875,0.0,5.644032470250427,9.262863897967009,-0.8034416146107493
5788,"Chautauqua County, NY",36013,495,1237,5080,6015,698,410,746,6003,8.552176917760885,24.3503937007874,11.604322527015794,6.82991837414626,12.42711977344661,36013,NY,"Chautauqua, NY",4.0,1,124105.0,56507.0,17.0,5.8,13.0,7.0,1.0,120.4,10.475001007211635,5.640385157729342,0.8057693082470488,4.799090878625398,9.177016597342245,-0.6248396795813598
13018,"Dutchess County, NY",36027,999,2284,12672,13024,321,273,3732,13019,7.673989860193578,18.0239898989899,2.4646805896805897,2.0969352484829864,28.66579614409709,36027,NY,"Dutchess, NY",2.0,0,299963.0,97273.0,8.3,4.7,42.0,16.0,2.0,371.9,14.00172687964849,5.333991192247044,0.6667488990308805,5.921310287184775,7.052768652895502,0.6212212072980767
45532,"Erie County, NY",36029,4166,6107,42821,45589,2638,1374,9727,45590,9.149609066151278,14.261694028630812,5.7864835815657285,3.0138188199166485,21.335819258609344,36029,NY,"Erie, NY",1.0,1,950602.0,71175.0,14.0,4.3,152.0,25.0,0.0,915.1,15.989867473453664,2.6299124133969842,0.0,6.820125529021163,8.480896092132346,0.6687129740189324
8501,"Jefferson County, NY",36045,704,1575,8194,8542,707,345,894,8535,8.28137866133396,19.221381498657554,8.276750175602903,4.042179261862917,10.47451669595782,36045,NY,"Jefferson, NY",3.0,1,113140.0,64978.0,13.4,4.8,8.0,9.0,0.0,92.0,7.070885628424961,7.954746331978081,0.0,4.532599493153256,8.001536463344024,0.2798421979899359
167822,"Kings County, NY",36047,13235,36543,163539,167812,320,3234,49333,167855,7.886331946943786,22.34512868490085,0.1906895811980073,1.9266628935688541,29.390247535074916,36047,NY,"Kings, NY",1.0,1,2617631.0,78548.0,18.9,6.5,323.0,119.0,6.0,39438.0,12.339401542845419,4.546095305258839,0.2292148893407818,10.582510453425556,7.968745186104713,-0.08241323916092735
36773,"Monroe County, NY",36055,3513,6008,35500,36442,1704,1199,8118,36791,9.553204796997797,16.92394366197183,4.675923385105098,3.2589491995324944,22.06517898399065,36055,NY,"Monroe, NY",1.0,1,752202.0,74409.0,13.1,4.2,176.0,46.0,4.0,1156.0,23.397970226082887,6.115378581817118,0.5317720505927929,7.053585727193677,8.75613109360483,0.7970737033929662
68177,"Nassau County, NY",36059,5616,7065,66559,68195,213,978,22780,68202,8.237382108335655,10.61464264787632,0.31233961434122737,1.4339755432392012,33.40078003577608,36059,NY,"Nassau, NY",1.0,0,1392438.0,143408.0,5.3,4.4,428.0,15.0,4.0,4905.3,30.737454737661572,1.0772472454787934,0.2872659321276782,8.498275372561592,7.302096884392043,0.9352852239436125
70194,"New York County, NY",36061,5881,14083,68417,70166,205,1021,27414,70207,8.378208963729094,20.584065363871552,0.2921642960978252,1.4542709416439956,39.04738843705044,36061,NY,"New York, NY",1.0,1,1660664.0,104553.0,15.8,4.7,731.0,88.0,7.0,74780.7,44.018537163447874,5.299085185203028,0.42151813973205904,11.222328481623869,7.860511579271086,0.5176973844580077
9576,"Niagara County, NY",36063,867,1669,9208,9583,1032,411,1694,9579,9.053884711779448,18.125543006081667,10.769070228529689,4.290635765737551,17.684518216932872,36063,NY,"Niagara, NY",1.0,1,209570.0,67809.0,13.0,4.4,9.0,0.0,0.0,407.1,4.294507801689173,0.0,0.0,6.01151224241176,8.460937268060643,0.5929474437188045
11416,"Oneida County, NY",36065,1081,2808,11372,11442,1033,514,1995,11442,9.46916608269096,24.692226521280336,9.028141933228456,4.4922216395735015,17.43576297850026,36065,NY,"Oneida, NY",2.0,1,228347.0,68819.0,14.6,4.5,15.0,3.0,1.0,191.5,6.568949887670957,1.3137899775341915,0.43792999251139714,5.260096153727839,8.980410346683602,0.48875573600735756
23212,"Onondaga County, NY",36067,2084,3927,23182,23223,1452,890,4907,23224,8.978114768223334,16.939867138296954,6.252422167678595,3.832242507750603,21.129004478126078,36067,NY,"Onondaga, NY",2.0,1,469812.0,74740.0,13.9,4.4,78.0,20.0,1.0,612.2,16.602385635105104,4.257021957719258,0.21285109788596288,6.418691146997659,8.831210649958782,0.1469041182645512
4803,"Ontario County, NY",36069,351,775,4688,4794,317,101,1046,4809,7.307932542161149,16.531569965870307,6.612432206925323,2.100228737783323,21.750883759617384,36069,NY,"Ontario, NY",1.0,1,113012.0,79814.0,9.2,4.3,16.0,1.0,1.0,174.6,14.157788553427954,0.8848617845892471,0.8848617845892471,5.168208681201016,7.075203619069088,0.23272892309206128
27646,"Orange County, NY",36071,1945,6709,27278,27564,426,756,6783,27656,7.035375822903856,24.594911650414254,1.5454941227688288,2.733584032398033,24.526323401793462,36071,NY,"Orange, NY",2.0,1,411767.0,96497.0,13.0,5.5,40.0,4.0,1.0,494.0,9.71423159213827,0.9714231592138272,0.2428557898034568,6.20455776256869,8.155081519040301,-1.119705696136445
5626,"Oswego County, NY",36075,505,900,5577,5676,792,278,836,5669,8.97618201208674,16.137708445400754,13.953488372093023,4.903863115187864,14.74686893632034,36075,NY,"Oswego, NY",2.0,1,118305.0,68461.0,16.5,5.0,2.0,2.0,0.0,123.5,1.690545623600017,1.690545623600017,0.0,4.824305715904762,8.020556393080696,0.9556256190060441
120477,"Queens County, NY",36081,11144,26076,118179,120483,283,2360,34228,120510,9.249898320841323,22.06483385373036,0.23488790949760546,1.9583437059165214,28.402622189029955,36081,NY,"Queens, NY",1.0,1,2316841.0,84961.0,12.2,8.7,246.0,31.0,4.0,22124.5,10.617906019446306,1.3380288073285995,0.17264887836498058,10.004486068490836,7.809293219258635,1.4406051015826886
7554,"Rensselaer County, NY",36083,608,1170,7506,7557,493,255,1614,7563,8.04871591209955,15.587529976019185,6.523752811962419,3.371677905593019,21.34073780245934,36083,NY,"Rensselaer, NY",2.0,0,160749.0,86663.0,11.8,4.4,10.0,5.0,1.0,247.0,6.22087851246353,3.110439256231765,0.622087851246353,5.5134287461649825,7.7434338284417255,0.30528208365782383
24918,"Richmond County, NY",36085,2042,2554,24727,24917,137,464,6801,24918,8.194879203788426,10.32879039107049,0.5498254203957138,1.8621077132996227,27.2935227546352,36085,NY,"Richmond, NY",1.0,1,498212.0,98290.0,10.9,5.0,78.0,6.0,1.0,8618.3,15.655985805239537,1.2043066004030412,0.2007177667338402,9.061759153863793,7.688623971646124,0.5062552321423022
31887,"Rockland County, NY",36087,1853,7162,31337,31750,45,682,8456,31900,5.811145607927996,22.854772313878165,0.14173228346456693,2.1379310344827585,26.50783699059561,36087,NY,"Rockland, NY",1.0,1,348144.0,110631.0,15.6,5.2,27.0,24.0,1.0,1950.7,7.7554115538397905,6.893699158968702,0.2872374649570293,7.5764560666371565,8.10411792133329,-2.2929723134052935
4641,"St. Lawrence County, NY",36089,351,1036,4482,4856,608,202,734,4852,7.563025210084033,23.114680946006246,12.520593080724877,4.16323165704864,15.127782357790602,36089,NY,"St. Lawrence, NY",4.0,1,106198.0,61900.0,17.4,6.0,6.0,3.0,0.0,40.5,5.649823913821353,2.8249119569106766,0.0,3.7256934272366524,7.954622385825996,-0.3915971757419623
10003,"Saratoga County, NY",36091,661,1093,9921,10026,448,140,2576,10024,6.608017594721583,11.01703457312771,4.468382206263715,1.3966480446927374,25.69832402234637,36091,NY,"Saratoga, NY",2.0,0,240360.0,99653.0,6.7,3.7,18.0,7.0,1.0,290.8,7.488766849725412,2.9122982193376603,0.41604260276252286,5.676068636088686,6.494621131091897,0.11339646362968647
8792,"Schenectady County, NY",36093,835,1767,8652,8803,277,276,1855,8807,9.497270245677889,20.423023578363384,3.1466545495853686,3.1338707846031566,21.062790961734983,36093,NY,"Schenectady, NY",2.0,1,162261.0,76989.0,12.5,4.5,17.0,4.0,0.0,772.6,10.476947633750562,2.465164149117779,0.0,6.6510549441390845,8.619272978065709,0.8779972676121801
77952,"Suffolk County, NY",36103,6295,11814,74949,77981,830,1702,22268,77984,8.075482348111658,15.762718648681103,1.0643618317282415,2.1824989741485434,28.55457529749692,36103,NY,"Suffolk, NY",1.0,0,1535909.0,128329.0,6.4,5.7,187.0,33.0,7.0,1674.7,12.175200483882834,2.1485647912734414,0.45575616784588147,7.423986267406678,7.606263501993388,0.46921884611826936
3237,"Tompkins County, NY",36109,197,458,3243,3258,240,83,992,3252,6.085881989496447,14.122725871106999,7.366482504604051,2.5522755227552274,30.50430504305043,36109,NY,"Tompkins, NY",3.0,1,105602.0,73012.0,15.3,4.7,7.0,2.0,0.0,222.8,6.628662335940607,1.8939035245544593,0.0,5.4107527958778245,7.712130954869007,-1.62624896537256
7349,"Ulster County, NY",36111,557,1713,7197,7361,367,173,1893,7368,7.579262484691795,23.801583993330553,4.985735633745415,2.3479913137893593,25.692182410423452,36111,NY,"Ulster, NY",3.0,1,182977.0,81804.0,14.3,7.0,5.0,8.0,0.0,161.8,2.7325838766620945,4.372134202659351,0.0,5.09252245356844,7.336033471902699,0.24322901278909637
49044,"Westchester County, NY",36119,3810,9254,48406,49044,190,866,18047,49048,7.768534377293858,19.117464777093748,0.38740722616426065,1.7656173544283151,36.79456858587506,36119,NY,"Westchester, NY",1.0,1,1006447.0,118411.0,8.9,5.3,267.0,25.0,6.0,2332.0,26.528967744948318,2.4839857439090185,0.5961565785381645,7.75491027202143,7.570426922225296,0.19810745506856264
9638,"Alamance County, NC",37001,951,2636,9514,9642,423,475,1654,9642,9.867192363560905,27.706537733865883,4.387056627255756,4.9263638249325865,17.15411740302842,37001,NC,"Alamance, NC",3.0,1,183040.0,64445.0,14.1,12.6,10.0,14.0,1.0,404.8,5.463286713286713,7.648601398601398,0.5463286713286714,6.005860427391714,8.846213365504996,1.0209789980559094
5756,"Brunswick County, NC",37019,488,1282,5721,5766,483,252,942,5767,8.478109798471161,22.40866981296976,8.376690946930282,4.369689613317149,16.33431593549506,37019,NC,"Brunswick, NC",2.0,1,167112.0,74034.0,9.4,10.3,7.0,5.0,0.0,160.8,4.188807506343052,2.992005361673608,0.0,5.086361004624392,8.402421459969487,0.07568833850167422
11843,"Buncombe County, NC",37021,1039,1360,11707,11854,656,431,2929,11853,8.773114920206028,11.61698129324336,5.5339969630504475,3.6362102421327935,24.71104361764954,37021,NC,"Buncombe, NC",2.0,1,279210.0,70578.0,11.8,13.1,80.0,19.0,0.0,410.4,28.65226890154364,6.804913864116615,0.0,6.019565977218857,8.603755474167995,0.1693594460380332
13341,"Cabarrus County, NC",37025,1222,2718,13251,13355,387,491,2612,13350,9.159733153436774,20.511659497396423,2.8977910894795955,3.6779026217228465,19.56554307116105,37025,NC,"Cabarrus, NC",1.0,1,244925.0,86084.0,8.9,8.8,20.0,1.0,1.0,625.1,8.165765030111258,0.4082882515055629,0.4082882515055629,6.439510102751265,8.298566822456456,0.8611663309803177
8300,"Catawba County, NC",37035,731,1699,8281,8306,682,378,1191,8299,8.80722891566265,20.516845791571065,8.210931856489285,4.554765634413785,14.351126641764068,37035,NC,"Catawba, NC",2.0,1,167054.0,64544.0,12.8,12.0,19.0,13.0,0.0,400.2,11.373567828366877,7.781914829935231,0.0,5.994460056087781,8.892635896790285,-0.085406981127635
6368,"Craven County, NC",37049,582,1832,6328,6364,368,298,839,6371,9.139447236180905,28.95069532237674,5.782526712759271,4.677444671166222,13.169047245330404,37049,NC,"Craven, NC",4.0,1,104167.0,64635.0,13.9,11.0,5.0,4.0,1.0,142.6,4.799984640049152,3.839987712039321,0.9599969280098303,4.9670316566141235,8.749193409300052,0.3902538268808531
25791,"Cumberland County, NC",37051,2709,7406,25688,25797,1357,1151,3244,25797,10.50366406886123,28.830582373092493,5.260301585455673,4.461759119277436,12.57510563243788,37051,NC,"Cumberland, NC",2.0,1,338430.0,58780.0,17.2,10.6,37.0,17.0,0.0,513.0,10.932836923440593,5.023195343202435,0.0,6.2422232654551655,9.689649941546001,0.8140141273152288
8862,"Davidson County, NC",37057,864,1918,8846,8868,769,429,1144,8862,9.74949221394719,21.682116210716707,8.671628326567433,4.840893703452945,12.909049875874521,37057,NC,"Davidson, NC",2.0,1,177809.0,62426.0,13.8,12.3,5.0,3.0,0.0,305.4,2.812006141421413,1.6872036848528478,0.0,5.724891437866436,8.837514811450719,0.911977402496472
20585,"Durham County, NC",37063,1860,5814,20392,20519,232,722,5095,20599,9.03570561088171,28.51118085523735,1.130659388859106,3.505024515753192,24.734210398563036,37063,NC,"Durham, NC",2.0,1,343628.0,79501.0,12.0,10.6,114.0,18.0,2.0,1133.7,33.175410618459495,5.238222729230447,0.5820247476922719,7.034123577796944,9.567621197132256,-0.5319155862505465
22142,"Forsyth County, NC",37067,2300,5871,22029,22150,958,1162,3954,22149,10.387498870924036,26.65123246629443,4.3250564334085775,5.24628651406384,17.851821752675065,37067,NC,"Forsyth, NC",2.0,1,398143.0,65541.0,14.7,11.5,96.0,18.0,2.0,938.1,24.111939679964234,4.520988689993294,0.5023320766659215,6.844921969810568,10.252743445772628,0.1347554251514076
13717,"Gaston County, NC",37071,1462,3682,13601,13714,1014,645,2211,13713,10.658307210031348,27.071538857436952,7.393904039667493,4.703565959308685,16.1233865674907,37071,NC,"Gaston, NC",1.0,1,242010.0,65472.0,12.8,11.2,15.0,20.0,1.0,640.7,6.198090987975703,8.264121317300937,0.4132060658650469,6.46412090475647,8.749048860773222,1.9092583492581259
28964,"Guilford County, NC",37081,2971,8729,28886,28979,1050,1101,5797,28993,10.257561110343875,30.218791109880218,3.6233134338659028,3.7974683544303796,19.994481426551236,37081,NC,"Guilford, NC",2.0,1,558816.0,66027.0,15.2,10.1,70.0,23.0,2.0,838.0,12.526484567371012,4.115844929279047,0.35789955906774323,6.732210706467206,9.275620795794202,0.9819403145496732
9419,"Harnett County, NC",37085,767,2841,9218,9427,490,381,1411,9425,8.143114980358849,30.820134519418527,5.197836002970192,4.042440318302387,14.97082228116711,37085,NC,"Harnett, NC",4.0,1,146096.0,69012.0,14.5,11.9,4.0,0.0,0.0,224.5,2.737925747453729,0.0,0.0,5.418320158942733,8.750094085514057,-0.606979105155208
5046,"Henderson County, NC",37089,438,700,5014,5048,277,243,968,5048,8.680142687277051,13.960909453530116,5.4873217115689386,4.81378763866878,19.17591125198098,37089,NC,"Henderson, NC",2.0,1,120771.0,67623.0,11.7,13.6,9.0,3.0,0.0,311.8,7.452120128176466,2.4840400427254887,0.0,5.745564008671156,8.304747300348657,0.37539538692839436
10115,"Iredell County, NC",37097,854,2758,10048,10109,554,384,1732,10112,8.442906574394463,27.448248407643312,5.480265110297754,3.7974683544303796,17.128164556962027,37097,NC,"Iredell, NC",1.0,0,206361.0,78678.0,9.1,9.9,20.0,8.0,1.0,325.0,9.691753771303686,3.876701508521474,0.48458768856518425,5.786897381366708,8.380789590173068,0.062116984221395555
13948,"Johnston County, NC",37101,1129,3012,13874,13940,192,532,2416,13943,8.094350444508173,21.70967276920859,1.3773314203730274,3.8155346768988023,17.32769131463817,37101,NC,"Johnston, NC",1.0,1,249794.0,79838.0,11.2,12.7,8.0,1.0,1.0,272.7,3.2026389745150006,0.40032987181437507,0.40032987181437507,5.612032616046633,8.027865006721061,0.06648543778711158
75396,"Mecklenburg County, NC",37119,7211,22049,75249,75394,697,2866,17278,75431,9.564167860363945,29.301386064931094,0.9244767488129029,3.7994988797709164,22.905701899749438,37119,NC,"Mecklenburg, NC",1.0,1,1206285.0,83765.0,10.4,11.3,233.0,60.0,4.0,2130.4,19.31550172637478,4.973948942414107,0.33159659616094045,7.664534319786855,9.395044365986157,0.1691234943777875
10846,"New Hanover County, NC",37129,1000,3282,10817,10841,371,365,2445,10855,9.219988936013277,30.341129703244892,3.422193524582603,3.3625057577153386,22.524182404421925,37129,NC,"New Hanover, NC",2.0,1,243333.0,72892.0,12.4,10.9,50.0,11.0,1.0,1174.0,20.547973353388155,4.5205541377453935,0.4109594670677631,7.069023426578259,9.276598170118614,-0.05660923410533769
18865,"Onslow County, NC",37133,1366,6545,18564,18860,452,812,1800,18862,7.2409223429631595,35.256410256410255,2.3966065747613996,4.304951754851023,9.542996500901284,37133,NC,"Onslow, NC",3.0,1,212954.0,64568.0,11.7,9.5,8.0,28.0,1.0,268.5,3.756679846351794,13.14837946223128,0.46958498079397426,5.596568390349052,8.723759451460415,-1.4828371084972556
5746,"Orange County, NC",37135,484,1156,5616,5750,143,154,1794,5756,8.423250957187609,20.584045584045583,2.4869565217391303,2.6754690757470465,31.16747741487144,37135,NC,"Orange, NC",2.0,1,152877.0,88553.0,12.4,8.1,77.0,28.0,1.0,374.0,50.367288735388584,18.315377721959486,0.6541206329271244,5.926926025970411,8.204646972898816,0.21860398428879257
10238,"Pitt County, NC",37147,1194,1964,10130,10255,492,527,1655,10251,11.662434069154132,19.387956564659426,4.797659678205753,5.140961857379768,16.144766364257144,37147,NC,"Pitt, NC",3.0,1,180783.0,58851.0,19.4,10.5,51.0,19.0,1.0,261.0,28.21061714873633,10.509837761293927,0.5531493558575751,5.568344503761097,10.860343353127897,0.8020907160262354
7819,"Randolph County, NC",37151,696,1628,7764,7825,612,419,1095,7824,8.901394040158587,20.96857290056672,7.821086261980831,5.355316973415133,13.995398773006135,37151,NC,"Randolph, NC",2.0,1,148389.0,59047.0,14.8,13.4,5.0,0.0,1.0,184.3,3.3695219996091357,0.0,0.6739043999218272,5.221976133291314,8.70779009157265,0.1936039485859382
9298,"Robeson County, NC",37155,1100,3458,9259,9305,1025,795,1042,9310,11.830501183050119,37.347445728480395,11.015583019881785,8.53920515574651,11.192266380236305,37155,NC,"Robeson, NC",4.0,1,118624.0,40318.0,28.8,15.2,8.0,8.0,1.0,123.0,6.743997841920691,6.743997841920691,0.8429997302400863,4.820281565605037,8.861052151557637,2.9694490314924824
7969,"Rowan County, NC",37159,780,2052,7940,7979,622,419,1145,7971,9.787928221859707,25.84382871536524,7.795463090612858,5.256555011918204,14.364571571948312,37159,NC,"Rowan, NC",1.0,1,153384.0,63196.0,15.8,11.4,5.0,2.0,0.0,287.1,3.259792416418922,1.303916966567569,0.0,5.663307642090483,8.876317957717534,0.9116102641421726
12594,"Union County, NC",37179,1015,3108,12587,12593,262,406,2750,12591,8.059393361918374,24.69214268689918,2.0805209243230367,3.2245254546898576,21.840997537923915,37179,NC,"Union, NC",1.0,1,263386.0,99243.0,7.7,10.5,16.0,5.0,1.0,376.6,6.0747344202045666,1.898354506313927,0.3796709012627854,5.933835434271345,7.807657479536369,0.2517358823820057
65213,"Wake County, NC",37183,5059,18108,64938,65158,682,1620,16671,65253,7.757655682149265,27.88505959530629,1.0466865158537708,2.4826444761160404,25.548250655142294,37183,NC,"Wake, NC",1.0,1,1232444.0,101763.0,7.9,8.5,163.0,37.0,3.0,1353.3,13.22575305652833,3.002164804242627,0.24341876791156436,7.211039994661325,8.165913528768225,-0.4082578466189606
8105,"Wayne County, NC",37191,841,2611,8037,8107,340,508,1102,8110,10.376310919185688,32.48724648500684,4.193906500555076,6.26387176325524,13.588162762022195,37191,NC,"Wayne, NC",3.0,1,120338.0,58082.0,16.9,13.6,4.0,6.0,1.0,211.8,3.32397081553624,4.98595622330436,0.83099270388406,5.360352757467489,9.466039266873869,0.9102716523118186
11984,"Cass County, ND",38017,868,1375,11600,11734,590,259,2171,11990,7.242990654205608,11.85344827586207,5.028123402079427,2.1601334445371143,18.10675562969141,38017,ND,"Cass, ND",3.0,1,200945.0,75023.0,10.3,7.2,24.0,15.0,2.0,104.6,11.943566647590135,7.464729154743835,0.9952972206325112,4.659658371272161,6.958270119230414,0.284720534975194
6041,"Allen County, OH",39003,603,1036,5992,6044,692,399,620,6039,9.981791094189704,17.289719626168225,11.449371277299802,6.607054148037754,10.266600430534856,39003,OH,"Allen, OH",3.0,1,100866.0,62001.0,13.1,6.8,8.0,5.0,1.0,253.9,7.931314813713244,4.957071758570778,0.9914143517141555,5.54087131138207,8.712630138714768,1.269160955474936
5010,"Ashtabula County, OH",39007,370,2026,4969,5024,754,243,609,5037,7.385229540918163,40.77279130609781,15.007961783439491,4.824300178677785,12.09053007742704,39007,OH,"Ashtabula, OH",1.0,1,96906.0,55507.0,18.3,9.4,2.0,0.0,0.0,139.0,2.063855695209791,0.0,0.0,4.941642422609304,9.065518507395364,-1.6802889664772005
21359,"Butler County, OH",39017,1753,5075,21238,21362,1673,1017,3474,21377,8.20731307645489,23.895847066578774,7.831663701900571,4.757449595359499,16.251111007157224,39017,OH,"Butler, OH",1.0,1,399542.0,81194.0,11.7,6.6,22.0,6.0,4.0,836.7,5.506304718903144,1.5017194687917665,1.0011463125278444,6.730660041159764,9.121371440484488,-0.9140583640295983
7953,"Clark County, OH",39023,748,2719,7896,7963,950,542,944,7949,9.405255878284924,34.43515704154002,11.930177068943866,6.818467731790162,11.875707636180652,39023,OH,"Clark, OH",3.0,1,134985.0,60846.0,15.6,7.8,6.0,4.0,0.0,342.7,4.44493832648072,2.9632922176538132,0.0,5.839769183855788,9.34326608444527,0.061989793839654084
11010,"Clermont County, OH",39025,848,2151,10965,11018,946,420,1800,11027,7.702089009990917,19.616963064295486,8.585950263205664,3.8088328647864333,16.323569420513287,39025,OH,"Clermont, OH",1.0,1,214123.0,83178.0,8.8,6.2,9.0,2.0,0.0,460.9,4.2031916235061155,0.9340425830013589,0.0,6.13534841743656,8.200247126355574,-0.4981581163646567
4766,"Columbiana County, OH",39029,401,912,4739,4770,948,250,560,4771,8.413764162819975,19.24456636421186,19.87421383647799,5.239991616013414,11.737581219870048,39029,OH,"Columbiana, OH",4.0,1,99823.0,58474.0,13.9,9.1,1.0,0.0,0.0,191.5,1.0017731384550654,0.0,0.0,5.260096153727839,8.866720794085161,-0.45295663126518626
64234,"Cuyahoga County, OH",39035,6915,13412,64154,64125,2640,2846,12754,64312,10.765326773982625,20.905945069676093,4.116959064327485,4.425301654434631,19.831446697350415,39035,OH,"Cuyahoga, OH",1.0,1,1240594.0,62823.0,16.2,7.0,286.0,81.0,5.0,2766.4,23.0534727719141,6.52913040043721,0.40303274076772905,7.925663530235284,10.41181608062155,0.3535106933610752
10649,"Delaware County, OH",39041,752,1206,10590,10662,269,112,2938,10662,7.0616959338905065,11.388101983002834,2.5229788032264118,1.0504595760645283,27.55580566497843,39041,OH,"Delaware, OH",1.0,0,237966.0,130088.0,5.0,4.0,23.0,2.0,0.0,483.2,9.6652462956893,0.8404561996251566,0.0,6.182498044503958,6.476164097535528,0.5855318363549786
8337,"Fairfield County, OH",39045,640,1515,8242,8349,604,276,1482,8350,7.676622286194075,18.381460810482892,7.234399329260989,3.305389221556886,17.748502994011975,39045,OH,"Fairfield, OH",1.0,1,167762.0,87069.0,8.2,6.1,8.0,4.0,1.0,315.1,4.768660364087219,2.3843301820436094,0.5960825455109023,5.756058619221572,7.663752050704965,0.012870235489109483
86920,"Franklin County, OH",39049,8087,20708,85403,86851,4487,3150,18209,87062,9.303957662218131,24.2473917778064,5.166319328505141,3.618111231076704,20.914980129103398,39049,OH,"Franklin, OH",1.0,1,1356303.0,73795.0,14.5,8.2,207.0,52.0,1.0,2486.4,15.262076394433988,3.8339515580220644,0.07372983765427048,7.818993267219641,9.400378056400672,-0.096420394182541
8417,"Greene County, OH",39057,628,1605,8389,8426,530,272,1383,8427,7.461090649875253,19.132196924544047,6.290054592926656,3.2277204224516436,16.411534353862585,39057,OH,"Greene, OH",2.0,0,172347.0,85218.0,9.8,5.3,22.0,6.0,1.0,406.2,12.764945139747137,3.481348674476492,0.5802247790794154,6.009304465236313,7.858347143396628,-0.3972564935213754
51078,"Hamilton County, OH",39061,5114,12584,50898,51036,2965,2565,9635,51133,10.01213829828889,24.72395771936029,5.809624578728741,5.016329963037569,18.843017229577768,39061,OH,"Hamilton, OH",1.0,1,837359.0,70816.0,14.9,6.2,218.0,36.0,5.0,2048.9,26.03423382324666,4.299231273563668,0.5971154546616206,7.625546290454842,10.151043075708866,-0.13890477741997564
10334,"Lake County, OH",39085,801,2065,10314,10320,634,233,2041,10332,7.75111283143023,20.021330230754316,6.1434108527131785,2.2551296941540846,19.75416182733256,39085,OH,"Lake, OH",1.0,1,232360.0,77952.0,8.2,6.2,13.0,3.0,1.0,1014.5,5.594766741263557,1.291100017214667,0.43036667240488896,6.92313638102044,7.744653251503444,0.006459579926786141
9279,"Licking County, OH",39089,668,1823,9208,9296,807,346,1486,9303,7.1990516219420195,19.79800173761946,8.681153184165233,3.7192303557992044,15.973341932709879,39089,OH,"Licking, OH",1.0,1,184898.0,81033.0,10.1,6.0,4.0,4.0,0.0,261.6,2.163354930826726,2.163354930826726,0.0,5.5706319618686955,8.284241668769992,-1.0851900468279725
15690,"Lorain County, OH",39093,1436,3213,15658,15688,1381,662,2669,15694,9.152326322498407,20.519862051347555,8.80290668026517,4.218172550019116,17.006499299095196,39093,OH,"Lorain, OH",1.0,1,322030.0,70693.0,12.8,7.3,13.0,8.0,0.0,638.0,4.036890972890725,2.484240598701984,0.0,6.459904454377535,9.122862501508644,0.02946382098976308
24046,"Lucas County, OH",39095,2426,5814,24013,24045,1740,1405,3341,24064,10.088996090825917,24.211885228834383,7.2364316905801624,5.838597074468085,13.883809840425531,39095,OH,"Lucas, OH",2.0,1,426291.0,60095.0,17.8,6.9,63.0,37.0,2.0,1269.7,14.778637128158934,8.679517043521914,0.46916308343361696,7.147323208710489,10.507002739934546,-0.4180066491086283
11484,"Mahoning County, OH",39099,1245,1605,11472,11491,2042,590,1689,11488,10.841170323928944,13.990585774058577,17.77042903141589,5.135793871866295,14.702298050139277,39099,OH,"Mahoning, OH",2.0,1,225786.0,55576.0,18.3,6.4,19.0,5.0,0.0,555.6,8.415047877193448,2.21448628347196,0.0,6.3218468490917905,9.281829335671151,1.5593409882577927
8172,"Medina County, OH",39103,516,1307,8172,8185,333,114,1780,8189,6.31424375917768,15.993636808614783,4.068417837507636,1.3921113689095128,21.736475760166076,39103,OH,"Medina, OH",1.0,1,184625.0,92660.0,6.1,6.0,19.0,0.0,0.0,433.0,10.29113067027759,0.0,0.0,6.073044534100405,6.818112495532177,-0.5038687363544971
5677,"Miami County, OH",39109,386,1033,5665,5680,477,227,780,5677,6.799365862251189,18.23477493380406,8.397887323943662,3.9985908050026424,13.739651224238154,39109,OH,"Miami, OH",2.0,1,111950.0,74175.0,8.6,5.9,5.0,1.0,1.0,267.6,4.466279589102278,0.8932559178204557,0.8932559178204557,5.593223284089137,7.875560259677511,-1.0761943974263213
30301,"Montgomery County, OH",39113,2831,7649,30214,30310,2090,1667,4465,30326,9.342925976040394,25.316078639041503,6.895414054767404,5.496933324539999,14.723339708500957,39113,OH,"Montgomery, OH",2.0,1,537443.0,64403.0,14.9,7.5,71.0,19.0,3.0,1164.6,13.210703274579815,3.5352586227748803,0.5581987299118232,7.060991254880995,9.736072643660133,-0.3931466676197388
6746,"Portage County, OH",39133,555,1300,6742,6743,582,211,1095,6744,8.227097539282537,19.28211213289825,8.631173068367195,3.1287069988137604,16.23665480427046,39133,OH,"Portage, OH",2.0,1,163839.0,72822.0,11.4,6.3,10.0,2.0,0.0,331.9,6.10355287813036,1.2207105756260719,0.0,5.807842144580979,7.744209136649846,0.4828884026326916
6711,"Richland County, OH",39139,547,1721,6688,6703,877,399,698,6721,8.150797198629116,25.732655502392344,13.083693868417127,5.9366165749144475,10.385359321529535,39139,OH,"Richland, OH",3.0,1,124853.0,57649.0,13.9,7.2,10.0,3.0,0.0,252.3,8.009419076834357,2.402825723050307,0.0,5.5345745570076295,9.405613071260044,-1.2548158726309282
19502,"Stark County, OH",39151,1663,4614,19451,19492,2054,1015,2577,19510,8.52733053020203,23.721145442393706,10.537656474451056,5.202460276781138,13.208610968733982,39151,OH,"Stark, OH",2.0,1,374091.0,65740.0,12.7,6.5,41.0,4.0,2.0,651.6,10.959900131251487,1.069258549390389,0.5346292746951945,6.48096438415922,9.065791188562455,-0.5384606583604246
26953,"Summit County, OH",39153,2532,6286,26927,26888,2033,1091,4895,26967,9.394130523503877,23.3445983585249,7.560993751859566,4.045685467423147,18.151815181518153,39153,OH,"Summit, OH",2.0,1,538370.0,71016.0,12.6,6.6,78.0,21.0,2.0,1309.2,14.48817727585118,3.900663112729164,0.37149172502182515,7.177935076297776,9.080411703397969,0.31371882010590824
9763,"Trumbull County, OH",39155,881,2371,9739,9767,1698,554,1227,9757,9.023865615077332,24.345415340384022,17.385072181836797,5.677974787332172,12.575586758224864,39155,OH,"Trumbull, OH",2.0,1,200300.0,55088.0,16.8,8.6,10.0,1.0,0.0,326.8,4.992511233150275,0.4992511233150274,0.0,5.792403666309729,9.312389620702087,-0.28852400562475466
12061,"Warren County, OH",39165,808,2369,12009,12056,472,236,2476,12062,6.699278666777216,19.72687151303189,3.9150630391506303,1.9565577847786437,20.52727574199967,39165,OH,"Warren, OH",1.0,1,256059.0,107843.0,5.4,4.4,24.0,3.0,1.0,603.7,9.372839853315057,1.171604981664382,0.39053499388812735,6.4047324672791675,7.427644831602884,-0.7283661648256681
6948,"Wayne County, OH",39169,454,2271,6938,6963,507,216,997,6964,6.5342544617156015,32.73277601614298,7.281344248168892,3.1016657093624356,14.316484778862723,39169,OH,"Wayne, OH",4.0,1,116632.0,71769.0,8.7,12.6,11.0,7.0,1.0,210.7,9.431373893957062,6.001783387063584,0.8573976267233692,5.35517017814082,7.526620953198493,-0.9923664914828914
6140,"Wood County, OH",39173,411,981,6136,6149,308,193,951,6144,6.693811074918567,15.98761408083442,5.008944543828265,3.1412760416666665,15.478515625,39173,OH,"Wood, OH",2.0,1,133077.0,73124.0,12.0,5.5,12.0,1.0,1.0,214.3,9.017335828129578,0.7514446523441316,0.7514446523441316,5.372032404370318,7.531069311445929,-0.8372582365273624
10249,"Canadian County, OK",40017,737,1715,10099,10252,256,336,1422,10243,7.190945458093473,16.981879393999407,2.497073741708935,3.280288977838524,13.882651566923753,40017,OK,"Canadian, OK",1.0,1,181760.0,85427.0,8.6,10.3,4.0,0.0,1.0,172.2,2.2007042253521125,0.0,0.5501760563380281,5.154446996128335,7.465773397510897,-0.274827939417424
13538,"Cleveland County, OK",40027,1067,2535,13421,13551,636,598,2100,13550,7.8815186881370956,18.88830936591908,4.693380562320124,4.413284132841328,15.498154981549815,40027,OK,"Cleveland, OK",1.0,1,303952.0,74446.0,12.8,11.6,15.0,3.0,0.0,548.4,4.93498973522135,0.9869979470442701,0.0,6.308826773661173,8.716751294090457,-0.8352326059533617
7992,"Comanche County, OK",40031,623,2524,7904,7987,473,546,824,7991,7.795295295295295,31.9331983805668,5.922123450607237,6.832686772619197,10.311600550619447,40031,OK,"Comanche, OK",3.0,1,121396.0,59000.0,17.7,12.7,3.0,0.0,2.0,113.3,2.4712511120630007,0.0,1.6475007413753338,4.738826570800765,8.887273267418728,-1.0919779721234324
54548,"Oklahoma County, OK",40109,5010,11389,53578,54595,1905,3243,8558,54616,9.184571386668622,21.256859158609878,3.489330524773331,5.937820418924857,15.669400908158782,40109,OK,"Oklahoma, OK",1.0,1,816490.0,65374.0,15.7,14.9,128.0,9.0,5.0,1123.3,15.676860708643096,1.1022792685764677,0.6123773714313709,7.024915898755714,9.737632934485632,-0.5530615478170091
43193,"Tulsa County, OK",40143,3746,11422,42798,43271,2308,2355,6942,43282,8.672701595165883,26.688162998270947,5.333826350211458,5.441060949124347,16.039000046208585,40143,OK,"Tulsa, OK",1.0,1,693514.0,67317.0,14.7,14.2,68.0,13.0,7.0,1173.7,9.805137315180371,1.8745115455491888,1.0093523706803325,7.0687680748298405,9.090560027564337,-0.41785843239845377
18628,"Clackamas County, OR",41005,1146,2740,18467,18540,544,322,4818,18630,6.152029203349796,14.8372773054638,2.9341963322545848,1.728395061728395,25.861513687600645,41005,OR,"Clackamas, OR",1.0,1,425857.0,100360.0,7.5,5.6,43.0,22.0,2.0,225.3,10.097286178224147,5.166053393510028,0.46964121759182076,5.421861552639491,6.798379593480016,-0.6463503901302197
9342,"Deschutes County, OR",41017,624,1244,9247,9323,370,154,2345,9355,6.679511881824021,13.45301178760679,3.9686796095677357,1.646178514163549,25.066809192944948,41017,OR,"Deschutes, OR",3.0,1,211535.0,87640.0,9.3,7.1,22.0,15.0,1.0,65.7,10.400170184603022,7.091025125865697,0.47273500839104643,4.200204952921578,6.555549365985027,0.12396251583899343
4895,"Douglas County, OR",41019,349,694,4892,4875,574,205,660,4906,7.129724208375894,14.18642681929681,11.774358974358975,4.178556869139829,13.452914798206278,41019,OR,"Douglas, OR",4.0,1,112255.0,58983.0,15.6,6.9,3.0,7.0,1.0,22.1,2.6724867489198703,6.235802414146364,0.8908289163066233,3.139832617527748,8.090834258012753,-0.9611100496368596
10357,"Jackson County, OR",41029,783,1737,10333,10342,647,360,1825,10372,7.560104277300376,16.810219684505952,6.256043318507059,3.470883146934053,17.595449286540685,41029,OR,"Jackson, OR",3.0,1,221331.0,71443.0,12.4,7.7,18.0,21.0,3.0,80.2,8.132615855890048,9.488051831871722,1.3554359759816745,4.396915247167632,7.631416479106931,-0.0713122018065544
14837,"Lane County, OR",41039,1009,2623,14683,14629,934,412,3089,14849,6.8005661521871,17.864196690049717,6.384578576799508,2.7745976160010777,20.80274765977507,41039,OR,"Lane, OR",2.0,1,382396.0,69311.0,15.3,7.9,45.0,21.0,3.0,84.1,11.76790552202429,5.491689243611335,0.7845270348016192,4.443827035579329,7.422413706541129,-0.6218475543540292
7161,"Linn County, OR",41043,469,993,7135,7101,476,225,1077,7167,6.549364613880743,13.91730903994394,6.703281227996057,3.1393888656341566,15.027208036835496,41043,OR,"Linn, OR",3.0,1,132474.0,73396.0,12.8,7.9,5.0,0.0,2.0,56.2,3.7743255280281414,0.0,1.5097302112112565,4.046553898385752,7.197895485100005,-0.6485308712192621
19597,"Marion County, OR",41047,1305,3724,19507,19547,747,860,3318,19596,6.65918252793795,19.09058286768852,3.821558295390597,4.38865074505001,16.93202694427434,41047,OR,"Marion, OR",2.0,1,352867.0,74624.0,13.1,10.3,30.0,21.0,3.0,292.9,8.501786792190826,5.951250754533578,0.8501786792190825,5.6832395734248715,8.876317555080044,-2.2171350271420946
36277,"Multnomah County, OR",41051,2676,6856,36013,35950,1102,918,11684,36283,7.376574689197012,19.03756976647322,3.065368567454798,2.5301105200782734,32.202408841606264,41051,OR,"Multnomah, OR",1.0,1,795897.0,86247.0,12.5,7.1,206.0,115.0,6.0,1891.2,25.882746134235962,14.449105851636581,0.7538663922592999,7.545495452270344,8.319117097690048,-0.9425424084930363
30061,"Washington County, OR",41067,2000,4999,29909,29988,401,564,7901,30062,6.653138618143109,16.714032565448527,1.337201547285581,1.87612267979509,26.282349810391857,41067,OR,"Washington, OR",1.0,1,611272.0,104434.0,8.0,6.0,79.0,55.0,4.0,828.9,12.923870224711747,8.997631169103116,0.6543731759347721,6.7213052116044025,7.29438198259285,-0.6412433644497408
4516,"Adams County, PA",42001,285,964,4480,4517,280,136,716,4536,6.3108945969884855,21.517857142857142,6.198804516271862,2.998236331569665,15.784832451499119,42001,PA,"Adams, PA",3.0,0,107914.0,81071.0,8.4,7.0,2.0,5.0,1.0,200.2,1.8533276497952074,4.633319124488018,0.9266638248976037,5.304299438225584,7.401543196247959,-1.0906485992594739
59237,"Allegheny County, PA",42003,5421,9871,56859,59083,3238,1460,14592,59377,9.151374985228827,17.360488225258973,5.480425841612647,2.4588645435101135,24.575172204725735,42003,PA,"Allegheny, PA",1.0,1,1231814.0,76393.0,11.2,4.7,243.0,39.0,5.0,1713.2,19.727004239276386,3.166062408772753,0.4059054370221478,7.446701778464782,8.320812625593414,0.8305623596354135
7481,"Beaver County, PA",42007,553,1381,7201,7454,755,274,1282,7503,7.392059885042107,19.177891959450076,10.128789911456936,3.6518725842996136,17.086498733839797,42007,PA,"Beaver, PA",1.0,1,165540.0,70156.0,10.1,4.9,11.0,0.0,0.0,387.0,6.6449196568805124,0.0,0.0,5.961005339623274,8.201814944491415,-0.8097550594493086
22509,"Berks County, PA",42011,1768,3851,22183,22387,929,1057,3804,22525,7.854635923408415,17.36014064824415,4.149729753875016,4.692563817980022,16.887902330743618,42011,PA,"Berks, PA",2.0,1,439117.0,77684.0,11.7,7.5,43.0,14.0,2.0,500.8,9.792378796539419,3.1882163523616716,0.4554594789088102,6.218201633932322,8.565123322968105,-0.7104873995596908
5708,"Blair County, PA",42013,398,1005,5616,5706,740,262,790,5711,6.9726699369306235,17.895299145299145,12.968804766912022,4.587637891787778,13.8329539485204,42013,PA,"Blair, PA",3.0,1,120269.0,60594.0,13.0,6.3,12.0,4.0,1.0,233.8,9.97763347163442,3.3258778238781397,0.8314694559695349,5.458734087953942,8.690934123572545,-1.718264186641921
27811,"Bucks County, PA",42017,1907,5065,26768,27668,958,358,7798,27841,6.856999029161123,18.921846981470413,3.4624837357235796,1.2858733522502783,28.00905139901584,42017,PA,"Bucks, PA",1.0,0,650131.0,111951.0,6.1,5.3,55.0,11.0,3.0,1069.8,8.459833479714089,1.6919666959428177,0.46144546252985935,6.976161311646197,6.997970883574503,-0.14097185441337956
8558,"Butler County, PA",42019,571,1434,8367,8557,583,171,1818,8576,6.672119654124796,17.13875941197562,6.813135444665186,1.993936567164179,21.198694029850746,42019,PA,"Butler, PA",1.0,1,199341.0,86775.0,8.0,4.3,6.0,3.0,1.0,245.4,3.0099176787514863,1.5049588393757432,0.501652946458581,5.506956231659364,7.122305246439088,-0.4501855923142921
5816,"Cambria County, PA",42021,531,976,5774,5801,780,276,807,5819,9.129986244841815,16.903359889158295,13.44595759351836,4.743083003952569,13.86836226155697,42021,PA,"Cambria, PA",3.0,1,130108.0,56292.0,14.2,5.1,5.0,7.0,0.0,194.1,3.8429612322070894,5.380145725089926,0.0,5.273512247629066,8.973985387601235,0.15600085724057955
5396,"Centre County, PA",42027,281,1141,5341,5396,255,80,1230,5419,5.207561156412157,21.363040629095675,4.725722757598221,1.4762871378483116,22.69791474441779,42027,PA,"Centre, PA",3.0,1,159805.0,72748.0,16.9,6.2,15.0,1.0,0.0,142.7,9.38643972341291,0.6257626482275274,0.0,4.967727793084979,7.301496779407998,-2.093935622995841
27426,"Chester County, PA",42029,1733,5248,27040,27285,593,454,7900,27432,6.318821556187559,19.40828402366864,2.1733553234377863,1.6550014581510644,28.798483522892973,42029,PA,"Chester, PA",1.0,1,560745.0,123041.0,5.9,5.7,55.0,6.0,3.0,712.0,9.808379923137968,1.070005082524142,0.535002541262071,6.569481420414296,7.120454003846639,-0.8016324476590801
13243,"Cumberland County, PA",42041,953,3271,13016,13221,651,283,2814,13244,7.196254625084951,25.13060848186847,4.923984570002269,2.1368166717003927,21.247357293868923,42041,PA,"Cumberland, PA",2.0,1,275516.0,85634.0,7.8,5.3,25.0,16.0,2.0,475.7,9.07388318645741,5.807285239332743,0.7259106549165929,6.16688736221078,7.080259072846477,0.11599555223847346
16373,"Dauphin County, PA",42043,1556,4126,16156,16305,974,761,2987,16389,9.50345080315153,25.538499628620947,5.973627721557804,4.643358350112881,18.225639148209165,42043,PA,"Dauphin, PA",2.0,1,293029.0,74159.0,12.3,6.9,61.0,6.0,2.0,545.7,20.81705223715059,2.047578908572189,0.6825263028573963,6.303900205900954,9.5838791606228,-0.08042835747126986
31305,"Delaware County, PA",42045,2710,6692,30431,30958,1049,802,8391,31337,8.656764095192461,21.990733133975223,3.3884617869371407,2.5592749784599675,26.776653795832402,42045,PA,"Delaware, PA",1.0,1,584882.0,88576.0,10.2,5.4,78.0,9.0,2.0,3138.1,13.336023334621343,1.5387719232255395,0.3419493162723421,8.05169141361391,8.257918002927152,0.398846092265309
12846,"Erie County, PA",42049,1212,2124,12594,12853,1463,674,1998,12869,9.434843531060253,16.865173892329683,11.382556601571617,5.237392182764784,15.525681871163261,42049,PA,"Erie, PA",2.0,1,267750.0,61476.0,15.4,6.1,16.0,6.0,2.0,339.1,5.9757236227824455,2.2408963585434174,0.7469654528478057,5.82923969201315,9.001913520997062,0.4329300100631901
5765,"Fayette County, PA",42051,563,1362,5509,5722,925,362,701,5770,9.76582827406765,24.723180250499183,16.165676336945126,6.273830155979203,12.149046793760832,42051,PA,"Fayette, PA",1.0,1,123941.0,56093.0,17.4,6.5,5.0,0.0,0.0,162.9,4.034177552222428,0.0,0.0,5.099256485749784,9.397972197199968,0.36785607686768174
8428,"Franklin County, PA",42055,648,1690,8292,8433,592,310,1270,8446,7.688656858092074,20.381090207428848,7.020040317799123,3.6703765095903385,15.036703765095904,42055,PA,"Franklin, PA",3.0,1,159285.0,74946.0,7.8,8.5,13.0,9.0,1.0,201.9,8.161471576105722,5.650249552688576,0.6278055058542863,5.312713246831769,7.86449114014608,-0.17583428205400597
10042,"Lackawanna County, PA",42069,867,2091,9791,10010,1037,401,2018,10049,8.633738299143596,21.35634766622408,10.359640359640359,3.9904468106279234,20.08160015921982,42069,PA,"Lackawanna, PA",2.0,1,216859.0,64691.0,14.0,5.8,15.0,1.0,1.0,470.4,6.916936811476582,0.4611291207651054,0.4611291207651054,6.155706990502031,8.544806788219246,0.08893151092435048
34683,"Lancaster County, PA",42071,2216,10850,33458,34463,1278,764,6251,34708,6.389297350286884,32.428716599916314,3.708324870150596,2.201221620375706,18.010257001267718,42071,PA,"Lancaster, PA",2.0,1,563293.0,83703.0,8.7,12.1,47.0,24.0,4.0,585.8,8.343792662078172,4.260660082763322,0.710110013793887,6.374684046268826,7.417694824580145,-1.0283974742932607
7798,"Lebanon County, PA",42075,629,1759,7640,7774,424,318,1190,7795,8.066170813028982,23.023560209424083,5.454077694880371,4.079538165490699,15.266196279666453,42075,PA,"Lebanon, PA",3.0,0,145319.0,76350.0,10.6,9.7,9.0,0.0,1.0,395.9,6.193271354743702,0.0,0.6881412616381891,5.983684359789019,8.557999613417556,-0.49182880038857313
19438,"Lehigh County, PA",42077,1661,3410,19311,19307,798,786,3858,19453,8.545117810474329,17.658329449536534,4.133215932045372,4.040507890813756,19.832416593841568,42077,PA,"Lehigh, PA",2.0,1,385655.0,77493.0,11.9,7.3,85.0,8.0,1.0,1084.6,22.040424731949543,2.074392915948192,0.259299114493524,6.98988810852066,9.070664001817699,-0.5255461913433699
15893,"Luzerne County, PA",42079,1352,3898,15724,15672,1401,779,2782,15906,8.506889825709433,24.79012973798016,8.939509954058193,4.897522947315478,17.49025524959135,42079,PA,"Luzerne, PA",2.0,1,331379.0,62321.0,15.4,6.7,18.0,6.0,2.0,366.0,5.431846918483066,1.8106156394943553,0.6035385464981184,5.905361848054571,9.295659020486465,-0.7887691947770321
5484,"Lycoming County, PA",42081,436,1096,5419,5482,710,236,793,5494,7.950401167031364,20.225133788521866,12.951477562933237,4.295595194757918,14.433927921368767,42081,PA,"Lycoming, PA",3.0,1,113236.0,64412.0,12.5,6.8,5.0,15.0,1.0,92.9,4.415556890034971,13.246670670104914,0.8831113780069942,4.542230386214217,8.324874735926466,-0.37447356889510175
5010,"Mercer County, PA",42085,433,1285,4769,5005,663,225,736,5016,8.642714570858283,26.9448521702663,13.246753246753247,4.485645933014354,14.67304625199362,42085,PA,"Mercer, PA",4.0,1,108140.0,60614.0,12.8,7.0,5.0,7.0,1.0,164.5,4.6236360273719255,6.473090438320696,0.9247272054743851,5.1089711948171175,8.623596498432672,0.019118072425611032
6651,"Monroe County, PA",42089,612,1378,6602,6655,435,174,1444,6665,9.201623815967524,20.872462890033322,6.536438767843727,2.6106526631657916,21.66541635408852,42089,PA,"Monroe, PA",4.0,0,166523.0,82374.0,11.3,6.8,1.0,4.0,1.0,276.7,0.6005176462110339,2.4020705848441355,0.6005176462110339,5.626541394312754,7.447324565498306,1.7542992504692183
42131,"Montgomery County, PA",42091,3184,7029,40225,41925,1042,660,12513,42159,7.557380551138117,17.474207582349287,2.4853905784138344,1.5655020280367182,29.680495267914324,42091,PA,"Montgomery, PA",1.0,1,879190.0,111521.0,6.5,4.3,182.0,35.0,3.0,1773.5,20.70087239390803,3.9809369988284673,0.34122317132815433,7.4812739720865515,7.368924069253555,0.188456481884562
13729,"Northampton County, PA",42095,1094,2042,13700,13720,606,414,3038,13740,7.968533760652633,14.905109489051094,4.4169096209912535,3.013100436681223,22.110625909752546,42095,PA,"Northampton, PA",2.0,1,322989.0,86687.0,8.8,5.8,49.0,1.0,0.0,846.3,15.170795290242081,0.3096080671477976,0.0,6.742054823204418,8.506990028549552,-0.5384562678969189
94747,"Philadelphia County, PA",42101,10435,29955,90693,93486,2880,4672,20375,94830,11.01354132584673,33.029009956667,3.0806751813105704,4.926710956448382,21.48581672466519,42101,PA,"Philadelphia, PA",1.0,1,1573916.0,60698.0,22.0,7.7,292.0,71.0,5.0,11936.9,18.552451337936713,4.511041249977763,0.3176789612660396,9.387473492081012,11.628824514887949,-0.6152831890412198
6282,"Schuylkill County, PA",42107,532,1202,6189,6259,831,297,931,6289,8.468640560331105,19.421554370657617,13.276881290941045,4.722531404038798,14.803625377643504,42107,PA,"Schuylkill, PA",4.0,1,144523.0,66901.0,12.5,7.2,3.0,1.0,1.0,183.7,2.0757941642506728,0.6919313880835576,0.6919313880835576,5.218732887205194,8.347675190992677,0.12096536933842827
9591,"Washington County, PA",42125,745,1710,9385,9527,956,246,1877,9600,7.767698884370764,18.22056473095365,10.034638396137295,2.5625,19.552083333333332,42125,PA,"Washington, PA",1.0,1,210434.0,77487.0,9.4,5.6,13.0,0.0,1.0,244.3,6.177708925363771,0.0,0.4752083788741363,5.502481951264444,7.299671043866006,0.46802784050475843
14159,"Westmoreland County, PA",42129,1198,2265,13886,14110,1281,380,2491,14169,8.461049509146125,16.3113927696961,9.078667611622963,2.6819112146234736,17.580633777965982,42129,PA,"Westmoreland, PA",1.0,1,350935.0,72468.0,10.0,4.7,16.0,0.0,0.0,345.1,4.559248863749697,0.0,0.0,5.846727750641299,7.6406584467872465,0.8203910623588788
23803,"York County, PA",42133,2045,4662,23555,23763,1381,880,3994,23811,8.591354031004496,19.791976225854384,5.811555779994109,3.695770862206543,16.773760026878332,42133,PA,"York, PA",2.0,1,471240.0,82238.0,8.6,5.7,26.0,17.0,3.0,504.7,5.51735845853493,3.6075036075036078,0.6366182836771073,6.225943608085937,8.035792316310383,0.5555617146941128
7253,"Kent County, RI",44003,527,827,7174,7245,246,144,1781,7267,7.265958913553012,11.527739057708391,3.3954451345755694,1.9815604788771157,24.508050089445437,44003,RI,"Kent, RI",1.0,0,172450.0,91278.0,7.4,4.0,14.0,4.0,0.0,1010.7,8.118295158016817,2.319512902290519,0.0,6.919387363211845,7.721902018649069,-0.45594310509605673
34296,"Providence County, RI",44007,2823,5752,33889,34080,792,1196,7517,34318,8.231280615815255,16.973059104724246,2.323943661971831,3.485051576432193,21.903957107057522,44007,RI,"Providence, RI",1.0,1,675912.0,78204.0,13.0,6.1,130.0,49.0,0.0,1613.6,19.233272970445856,7.249464427321899,0.0,7.3868425269609155,9.290416716719573,-1.0591361009043183
4190,"Washington County, RI",44009,251,411,4166,4196,135,53,1187,4199,5.990453460620525,9.865578492558809,3.217349857006673,1.2622052869730889,28.268635389378424,44009,RI,"Washington, RI",1.0,1,130333.0,102478.0,8.0,3.7,14.0,3.0,0.0,394.3,10.741715451957678,2.301796168276645,0.0,5.9796449703026395,6.872450026492132,-0.8819965658716065
9647,"Aiken County, SC",45003,863,2448,9570,9625,462,513,1428,9646,8.945786254794237,25.579937304075234,4.8,5.318266639021356,14.804063860667634,45003,SC,"Aiken, SC",2.0,1,179245.0,67940.0,13.9,10.7,19.0,0.0,1.0,157.7,10.60001673686853,0.0,0.5578956177299227,5.0670156275323635,8.864123666632448,0.08166258816178917
11551,"Anderson County, SC",45007,1099,2192,11530,11500,880,646,1503,11554,9.514327763829971,19.011274934952297,7.6521739130434785,5.591137268478449,13.008481911026484,45007,SC,"Anderson, SC",2.0,1,217183.0,64683.0,14.4,11.5,14.0,0.0,1.0,285.4,6.44617672653937,0.0,0.46044119475281214,5.657389435086491,8.689691600755337,0.8246361630746346
9349,"Beaufort County, SC",45013,785,3119,9333,9346,180,376,1586,9354,8.396619959353941,33.41905068038144,1.9259576289321636,4.01967072909985,16.955313234979688,45013,SC,"Beaufort, SC",3.0,1,201775.0,84819.0,10.5,11.0,24.0,4.0,2.0,324.8,11.894436872754305,1.982406145459051,0.9912030727295255,5.786283696167945,8.615401096540243,-0.21878113718630132
15123,"Berkeley County, SC",45015,1432,3438,15106,15069,564,614,2566,15127,9.469020696951663,22.759168542301072,3.7427831972924546,4.058967409268196,16.963046208765782,45015,SC,"Berkeley, SC",2.0,1,264276.0,82327.0,10.3,9.7,14.0,0.0,0.0,208.3,5.297492015922748,0.0,0.0,5.343768629451954,8.18616775402398,1.2828529429276827
24894,"Charleston County, SC",45019,2352,5114,24857,24827,405,928,6355,24901,9.448059773439383,20.573681457939415,1.6312885165344182,3.7267579615276496,25.52106341110799,45019,SC,"Charleston, SC",2.0,1,431001.0,84320.0,11.6,9.7,130.0,27.0,4.0,444.7,30.162343010805078,6.264486625321055,0.9280720926401562,6.09964607995251,8.96355125776784,0.48450851567154274
9982,"Dorchester County, SC",45035,970,2351,9966,9931,364,432,1735,9980,9.71749148467241,23.590206702789484,3.6652905044809185,4.328657314629258,17.384769539078157,45035,SC,"Dorchester, SC",2.0,1,174663.0,76896.0,11.5,10.4,13.0,1.0,1.0,284.1,7.442904335778041,0.572531102752157,0.572531102752157,5.652839995918626,8.53781282971177,1.1796786549606395
7873,"Florence County, SC",45041,1075,1847,7873,7871,393,550,1116,7869,13.654261399720564,23.459926330496636,4.993012323719984,6.989452281103063,14.182234083110941,45041,SC,"Florence, SC",3.0,1,138049.0,56650.0,18.3,10.5,22.0,0.0,1.0,171.2,15.93637041919898,0.0,0.7243804735999536,5.14865659199363,10.748401524097456,2.9058598756231078
32661,"Greenville County, SC",45045,2824,7810,32621,32491,1039,1333,6122,32670,8.64639784452405,23.94163269059808,3.1978086239266257,4.080195898377717,18.73890419344965,45045,SC,"Greenville, SC",2.0,1,570745.0,74624.0,11.0,10.4,116.0,14.0,2.0,668.7,20.324312959377657,2.45293432268351,0.3504191889547872,6.506829850916005,9.261725704357055,-0.6153278598330054
16541,"Horry County, SC",45051,1412,4824,16532,16516,1116,855,2808,16549,8.536364185962155,29.179772562303413,6.75708403971906,5.1664753157290475,16.967792615868028,45051,SC,"Horry, SC",2.0,1,413391.0,64623.0,12.8,14.7,26.0,7.0,4.0,309.7,6.2894451016108235,1.6933121427413755,0.9676069387093574,5.738827816399001,8.728830484700483,-0.19246629873832788
16294,"Lexington County, SC",45063,1519,3912,16279,16292,509,757,2764,16296,9.322449981588315,24.030960132686282,3.124232752271053,4.645311732940599,16.961217476681394,45063,SC,"Lexington, SC",2.0,0,313774.0,75014.0,11.4,10.4,44.0,12.0,2.0,420.6,14.02283171964535,3.824408650812368,0.6374014418020614,6.044056997227153,9.272496714361901,0.0499532672264138
6122,"Pickens County, SC",45077,522,1004,6130,6078,386,333,791,6126,8.526625285854296,16.37846655791191,6.350773280684436,5.435847208619001,12.912177603656545,45077,SC,"Pickens, SC",2.0,1,138207.0,59411.0,17.2,11.6,10.0,0.0,0.0,264.4,7.235523526304746,0.0,0.0,5.581238121898107,9.299456681768179,-0.7728313959138831
22670,"Richland County, SC",45079,2650,7106,22653,22664,198,1058,4159,22671,11.689457432730482,31.368913609676422,0.8736321920225909,4.6667548850954965,18.34502227515328,45079,SC,"Richland, SC",2.0,1,430651.0,61699.0,16.9,9.6,70.0,7.0,2.0,549.5,16.254461269101892,1.6254461269101894,0.464413179117197,6.310826956162734,10.205970048883263,1.4834873838472191
20819,"Spartanburg County, SC",45083,1838,5780,20813,20744,930,1014,3012,20812,8.828473990105193,27.771104598087735,4.483224064789819,4.872189121660581,14.47241975783202,45083,SC,"Spartanburg, SC",2.0,1,369256.0,64195.0,14.5,12.3,35.0,3.0,1.0,405.8,9.47851896787053,0.8124444829603311,0.27081482765344367,6.008321664174405,9.112411582578838,-0.28393759247364514
6614,"Sumter County, SC",45085,767,1632,6589,6619,199,494,783,6616,11.596613244632598,24.768553650022767,3.0064964496147453,7.4667472793228535,11.834945586457074,45085,SC,"Sumter, SC",3.0,1,104776.0,55990.0,16.4,10.6,8.0,2.0,1.0,158.7,7.635336336565626,1.9088340841414064,0.9544170420707032,5.073297055220967,9.675171458171667,1.9214417864609317
14861,"York County, SC",45091,1272,3058,14835,14846,497,594,3049,14864,8.559316331337056,20.613414223120998,3.3477030850060623,3.996232508073197,20.51264800861141,45091,SC,"York, SC",1.0,1,303001.0,83060.0,8.9,8.9,15.0,2.0,1.0,414.2,4.950478711291382,0.6600638281721842,0.3300319140860921,6.028760331851679,8.42415287357001,0.13516345776704597
13865,"Minnehaha County, SD",46099,1019,2375,13806,13810,691,463,2272,13866,7.349441038586368,17.202665507750254,5.00362056480811,3.3391028414827635,16.385403144381943,46099,SD,"Minnehaha, SD",2.0,1,208639.0,76074.0,8.8,9.2,26.0,14.0,2.0,244.4,12.461716170035324,6.710154860788251,0.9585935515411786,5.502889532276811,7.740746504565013,-0.39130546597864413
6984,"Pennington County, SD",46103,501,1673,6991,6969,650,420,1040,6992,7.173539518900344,23.93076813045344,9.327019658487588,6.006864988558353,14.874141876430206,46103,SD,"Pennington, SD",3.0,1,115979.0,70768.0,12.0,10.8,13.0,9.0,1.0,39.3,11.208925753800257,7.760025521861715,0.8622250579846351,3.696351468952637,8.395953803758836,-1.222414284858492
6563,"Blount County, TN",47009,515,1360,6555,6545,691,356,889,6565,7.847021179338717,20.74752097635393,10.557677616501145,5.422696115765422,13.541507996953541,47009,TN,"Blount, TN",2.0,0,142211.0,74607.0,8.9,11.3,11.0,0.0,0.0,242.1,7.734985338686881,0.0,0.0,5.493472881322077,8.553000529069214,-0.7059793497304971
50727,"Davidson County, TN",47037,4622,14206,50293,50675,1473,2377,10710,50752,9.111518520708893,28.246475652675322,2.906758756783424,4.683559268600252,21.102616645649434,47037,TN,"Davidson, TN",1.0,1,729505.0,75664.0,13.9,12.7,159.0,110.0,2.0,1421.3,21.795601126791453,15.078717760673333,0.27415850473951514,7.260030558576182,10.193530922111458,-1.0820124014025652
22284,"Hamilton County, TN",47065,1950,6352,20212,22029,1059,1098,3655,22289,8.750673128702207,31.426875123688898,4.807299468881928,4.926196778680066,16.398223338866707,47065,TN,"Hamilton, TN",2.0,1,386256.0,72568.0,12.5,10.8,61.0,22.0,1.0,675.5,15.792634936415226,5.695704403297294,0.2588956546953316,6.516932447610842,9.581000644732175,-0.8303275160299677
26803,"Knox County, TN",47093,2207,5537,26718,26694,2011,1201,4693,26803,8.234152893332835,20.723856576091023,7.533528133662996,4.4808416968249825,17.509234040965563,47093,TN,"Knox, TN",2.0,1,506748.0,71662.0,12.2,9.8,86.0,24.0,3.0,942.2,16.97095992485417,4.736081839494187,0.5920102299367733,6.8492783492231615,9.516910202885096,-1.2827573095522613
18266,"Montgomery County, TN",47125,1625,6064,17944,18150,930,808,2115,18271,8.896310084309647,33.79402585822559,5.12396694214876,4.422308576432598,11.57572108806305,47125,TN,"Montgomery, TN",2.0,1,246025.0,72365.0,11.6,9.4,12.0,1.0,0.0,408.2,4.8775530941977445,0.40646275784981206,0.0,6.014204034077471,8.850675367316786,0.04563471699286126
22218,"Rutherford County, TN",47149,1902,6060,22130,22170,734,920,3797,22229,8.560626519038617,27.383642114776322,3.3107803337843933,4.138737685006073,17.081290206487022,47149,TN,"Rutherford, TN",1.0,1,376996.0,82588.0,9.2,10.0,26.0,7.0,1.0,551.4,6.8966248978769,1.8567836263514732,0.26525480376449617,6.314272421535137,8.958935143148476,-0.398308624109859
60907,"Shelby County, TN",47157,7286,21884,58287,60607,1620,4254,9562,60930,11.962500205230926,37.545250227323415,2.672958569142178,6.981782373215165,15.693418677170524,47157,TN,"Shelby, TN",1.0,1,910530.0,62337.0,17.5,11.4,187.0,17.0,1.0,1222.5,20.53748915466816,1.8670444686061964,0.1098261452121292,7.109470882882726,11.166928361427075,0.7955718438038506
7465,"Sullivan County, TN",47163,590,1099,7293,7429,1033,455,852,7455,7.9035498995311455,15.069244481009187,13.904967021133396,6.103286384976526,11.428571428571429,47163,TN,"Sullivan, TN",2.0,1,162703.0,56802.0,14.9,10.5,17.0,6.0,0.0,382.6,10.448485891470963,3.6877009028721046,0.0,5.949600343009283,9.249147394897504,-1.3455974953663583
11514,"Sumner County, TN",47165,932,3090,11458,11484,693,475,1934,11509,8.094493659892304,26.96805725257462,6.0344827586206895,4.127204796246416,16.80424015987488,47165,TN,"Sumner, TN",1.0,1,211721.0,86005.0,9.0,9.6,16.0,1.0,0.0,370.7,7.557115260177309,0.4723197037610818,0.0,5.918087077303206,8.764129240217304,-0.669635580325
6223,"Washington County, TN",47179,490,824,6035,6203,647,319,889,6232,7.874015748031496,13.653686826843414,10.430436885378043,5.118741976893453,14.265083440308088,47179,TN,"Washington, TN",3.0,1,139642.0,61051.0,15.8,12.0,36.0,4.0,1.0,407.4,25.780209392589622,2.8644677102877356,0.7161169275719339,6.01224708629051,10.14851632864668,-2.274500580615184
11398,"Williamson County, TN",47187,721,1664,11352,11406,118,105,3636,11406,6.325671170380769,14.658210007047217,1.0345432228651588,0.920568122041031,31.877958968963704,47187,TN,"Williamson, TN",1.0,1,269136.0,131202.0,4.5,5.7,57.0,5.0,1.0,425.0,21.1788835384341,1.8577968016170263,0.37155936032340525,6.054439346269371,6.630894940509098,-0.3052237701283289
9190,"Wilson County, TN",47189,682,1589,9170,9160,444,277,1747,9205,7.421109902067465,17.328244274809162,4.847161572052402,3.009234111895709,18.97881586094514,47189,TN,"Wilson, TN",1.0,1,169948.0,94048.0,7.6,8.7,5.0,1.0,1.0,258.8,2.942076399839951,0.5884152799679901,0.5884152799679901,5.559912104236499,7.399587773260452,0.021522128807013097
30135,"Bell County, TX",48027,2762,8945,30005,30097,522,1420,3704,30144,9.165422266467562,29.811698050324946,1.73439213210619,4.71072186836518,12.28768577494692,48027,TX,"Bell, TX",2.0,1,399578.0,66051.0,14.6,16.4,44.0,8.0,3.0,351.7,11.011617256205296,2.002112228400963,0.7507920856503612,5.865617837242007,8.940271954438005,0.22515031202955704
130622,"Bexar County, TX",48029,11592,29960,125583,130502,720,7122,22302,130687,8.874462188605289,23.85673220101447,0.5517156825182756,5.449662169917437,17.065201588528314,48029,TX,"Bexar, TX",1.0,1,2127737.0,70571.0,14.7,18.0,251.0,47.0,4.0,1620.0,11.796570722791397,2.208919617415122,0.18799315892894655,7.390798521735676,9.205210717513888,-0.3307485289085985
23317,"Brazoria County, TX",48039,1954,6228,20877,23137,356,989,4554,23358,8.380151820560107,29.83187239545912,1.538661019146821,4.2340953848788425,19.496532237349086,48039,TX,"Brazoria, TX",1.0,1,413224.0,95155.0,7.3,14.9,34.0,5.0,0.0,272.9,8.227982885795598,1.209997483205235,0.0,5.612763076269032,8.130163679537361,0.24998814102274558
13578,"Brazos County, TX",48041,1126,3640,13146,13579,172,744,2131,13575,8.292826631315362,27.689030883919063,1.2666617571249723,5.480662983425415,15.697974217311234,48041,TX,"Brazos, TX",2.0,1,249624.0,58388.0,23.9,15.7,27.0,4.0,1.0,399.0,10.816267666570523,1.6024100246771145,0.4006025061692786,5.991464547107982,9.933350313738726,-1.640523682423364
29535,"Cameron County, TX",48061,2508,6938,29486,29527,73,2669,3779,29535,8.491620111731844,23.5298107576477,0.24723134758018084,9.03673607584222,12.794988996106314,48061,TX,"Cameron, TX",2.0,1,431874.0,51334.0,24.4,25.2,32.0,8.0,4.0,472.2,7.409568531562447,1.8523921328906117,0.9261960664453058,6.159518132104232,9.591235819685219,-1.0996157079533742
63157,"Collin County, TX",48085,4773,12460,62096,63043,225,1251,15701,63174,7.557357062558387,20.065704715279566,0.3568992592357597,1.9802450375154335,24.85357900402064,48085,TX,"Collin, TX",1.0,0,1254658.0,117588.0,6.3,10.6,178.0,29.0,7.0,1265.3,14.187133067337871,2.3113868480494286,0.5579209633222758,7.143854541456562,7.433139726851588,0.12421733570679816
9585,"Comal County, TX",48091,699,2256,9401,9576,128,339,1979,9593,7.292644757433489,23.997447080097864,1.3366750208855471,3.533826748670906,20.629625768789744,48091,TX,"Comal, TX",1.0,0,201628.0,99015.0,6.4,13.3,17.0,3.0,1.0,288.6,8.431368659114804,1.4878885869026126,0.4959628623008709,5.668500660511562,8.099350143260011,-0.8067053858265218
182216,"Dallas County, TX",48113,15458,68738,175745,182163,767,10966,33625,182366,8.483338455459455,39.11235028023557,0.42105147587600117,6.013182281784982,18.43819571630677,48113,TX,"Dallas, TX",1.0,1,2656028.0,74149.0,14.0,23.6,405.0,79.0,12.0,2993.6,15.248333225402744,2.9743662340909056,0.4518024659378591,8.004565945703618,9.65270688224396,-1.169368426784505
55871,"Denton County, TX",48121,4264,13410,54517,55814,381,1375,12422,55888,7.6318662633566605,24.597831868958306,0.6826244311463073,2.46027769825365,22.22659604924134,48121,TX,"Denton, TX",1.0,1,1045120.0,108185.0,7.0,11.5,79.0,15.0,3.0,1031.8,7.558940600122474,1.435241886099204,0.2870483772198408,6.940028839532433,7.881091865226633,-0.24922560186997256
14645,"Ector County, TX",48135,1359,3987,14622,14639,418,1168,1520,14634,9.279617616934107,27.26713171932704,2.8553862968782022,7.981413147464808,10.38677053437201,48135,TX,"Ector, TX",3.0,1,170022.0,71031.0,15.3,21.8,17.0,2.0,2.0,184.0,9.99870604980532,1.1763183588006259,1.1763183588006259,5.220355825078324,9.534411503399484,-0.25479388646537693
13560,"Ellis County, TX",48139,1019,5104,13124,13552,151,605,2280,13557,7.514749262536873,38.89058213959159,1.1142266824085005,4.462639226967618,16.81788006196061,48139,TX,"Ellis, TX",1.0,1,232387.0,95898.0,8.1,16.5,10.0,2.0,2.0,205.7,4.303166700374806,0.8606333400749612,0.8606333400749612,5.331268466687723,7.843697026457035,-0.3289477639201621
55098,"El Paso County, TX",48141,5331,16019,55045,55080,277,3640,7326,55102,9.675487313514102,29.101644109365065,0.5029048656499637,6.605930819208014,13.29534318173569,48141,TX,"El Paso, TX",2.0,1,875784.0,58859.0,18.9,23.5,109.0,13.0,5.0,854.4,12.445991248983768,1.4843842774017337,0.5709170297698976,6.751569195792809,10.788062974160257,-1.1125756606461543
46373,"Fort Bend County, TX",48157,4145,14862,44396,46284,138,1102,13074,46397,8.938390873999957,33.47598882782233,0.29815919108115113,2.3751535659633167,28.17854602668276,48157,TX,"Fort Bend, TX",1.0,1,958434.0,113409.0,7.2,12.4,109.0,2.0,5.0,954.8,11.372718413578818,0.20867373235924436,0.521684330898111,6.862548686144057,7.779648202488536,1.1587426715114209
19362,"Galveston County, TX",48167,1768,4465,18795,19432,424,903,3441,19463,9.13128809007334,23.75631816972599,2.181967888019761,4.639572522221651,17.679699943482504,48167,TX,"Galveston, TX",1.0,1,367407.0,85348.0,11.2,15.8,62.0,12.0,1.0,924.6,16.87501871221833,3.2661326539777416,0.27217772116481176,6.830442175879467,9.20829920085778,-0.07701111078444
8684,"Grayson County, TX",48181,678,2719,8544,8658,305,519,1126,8690,7.8074619990787655,31.823501872659175,3.522753522753523,5.972382048331416,12.957422324510931,48181,TX,"Grayson, TX",3.0,1,150532.0,70455.0,11.1,18.5,10.0,0.0,2.0,145.3,6.643105784816518,0.0,1.3286211569633035,4.9856593080260785,8.422546317199973,-0.615084318121208
8249,"Gregg County, TX",48183,769,1936,8232,8250,399,562,997,8247,9.322342102072978,23.517978620019438,4.836363636363636,6.814599248211471,12.089244573784406,48183,TX,"Gregg, TX",2.0,1,126679.0,64809.0,17.0,19.9,24.0,6.0,1.0,454.5,18.94552372532148,4.73638093133037,0.789396821888395,6.121395716700013,10.874602576109268,-1.5522604740362898
10261,"Guadalupe County, TX",48187,812,2493,10127,10254,133,461,1768,10263,7.913458727219569,24.617359533919227,1.2970548078798518,4.491863977394524,17.226931696385073,48187,TX,"Guadalupe, TX",1.0,0,195166.0,93776.0,8.8,13.8,14.0,0.0,1.0,242.8,7.173380609327444,0.0,0.5123843292376746,5.496348217047172,7.915749031597132,-0.002290304377562613
321578,"Harris County, TX",48201,29671,120556,304426,320859,1568,16528,63467,321945,9.226688392862696,39.601085321227494,0.4886881776730589,5.133796145304323,19.713615679696844,48201,TX,"Harris, TX",1.0,1,5009302.0,73104.0,15.9,22.2,711.0,72.0,18.0,2771.7,14.193594237280962,1.4373259987119962,0.35933149967799904,7.927576853683184,9.630154888368011,-0.4034664955053149
16011,"Hays County, TX",48209,1153,3249,15726,15999,105,553,3489,16007,7.201299106864031,20.660053414727205,0.6562910181886368,3.454738551883551,21.796713937652278,48209,TX,"Hays, TX",1.0,0,292029.0,85827.0,12.0,13.8,16.0,2.0,2.0,356.2,5.478907916679508,0.6848634895849385,0.6848634895849385,5.878295849002344,8.400498271841371,-1.1991991649773404
68700,"Hidalgo County, TX",48215,6424,23074,68069,68700,166,5677,8939,68715,9.35080058224163,33.89795648533106,0.24163027656477437,8.261660481699774,13.008804482281889,48215,TX,"Hidalgo, TX",2.0,1,914820.0,52281.0,27.2,30.2,61.0,14.0,5.0,554.3,6.667978400122429,1.5303556983887543,0.5465556065674122,6.319508508247561,9.754099459913514,-0.4032988776718831
15735,"Jefferson County, TX",48245,1731,4487,15437,15710,574,1132,2116,15742,11.000953288846521,29.06652847055775,3.653723742838956,7.190954135433871,13.4417481895566,48245,TX,"Jefferson, TX",2.0,1,253948.0,59934.0,18.8,20.5,24.0,3.0,3.0,292.6,9.450753697607384,1.181344212200923,1.181344212200923,5.682218296740361,9.960329590827143,1.0406236980193775
12130,"Johnson County, TX",48251,825,3914,11916,12105,395,593,1763,12128,6.801319043693322,32.84659281638134,3.2631144155307723,4.889511873350924,14.536609498680738,48251,TX,"Johnson, TX",1.0,0,210547.0,81826.0,10.7,18.3,11.0,1.0,1.0,248.3,5.224486694182296,0.47495333583475424,0.47495333583475424,5.518656990529513,8.406757446437625,-1.6054384027443032
12973,"Kaufman County, TX",48257,996,3773,12494,12973,164,599,2170,12977,7.677484005241656,30.19849527773331,1.264164032991598,4.615858827155737,16.721892579178547,48257,TX,"Kaufman, TX",1.0,0,197829.0,88606.0,9.7,16.8,1.0,2.0,0.0,186.1,0.5054870620586466,1.0109741241172931,0.0,5.231643233280044,8.11737891963762,-0.43989491439596407
20351,"Lubbock County, TX",48303,1818,7933,18991,20330,529,1465,2412,20356,8.933221954695101,41.772418514032964,2.602065912444663,7.19689526429554,11.849086264492042,48303,TX,"Lubbock, TX",2.0,1,327394.0,63367.0,17.2,16.3,48.0,5.0,1.0,346.9,14.66123386500669,1.5272118609381968,0.30544237218763937,5.8519150821578965,10.60568502310489,-1.6724630684097885
16575,"McLennan County, TX",48309,1469,5058,16091,16571,490,1066,2258,16581,8.862745098039216,31.4337207134423,2.956973025164444,6.429045292805018,13.617996502020384,48309,TX,"McLennan, TX",2.0,1,270358.0,63888.0,17.1,18.5,29.0,7.0,2.0,251.4,10.726518172201303,2.589159558807211,0.7397598739449175,5.5310151306670585,10.235217029135942,-1.372471931096726
15001,"Midland County, TX",48329,1171,4267,14975,15004,333,887,1933,15003,7.806146256916206,28.49415692821369,2.21940815782458,5.912150903152702,12.884089848696927,48329,TX,"Midland, TX",3.0,1,183587.0,93984.0,10.6,18.9,19.0,5.0,1.0,188.8,10.349316672749161,2.7235043875655687,0.5447008775131137,5.245970886175828,8.163301961328212,-0.3571557044120066
41990,"Montgomery County, TX",48339,3113,12462,41172,41951,663,1578,8101,42003,7.413669921409859,30.268143398426115,1.5804152463588472,3.7568745089636453,19.286717615408424,48339,TX,"Montgomery, TX",1.0,1,749613.0,97266.0,9.3,15.5,65.0,9.0,3.0,595.3,8.671140975409978,1.2006195196721507,0.4002065065573836,6.39074389612906,8.623457764630464,-1.2097878432206048
21323,"Nueces County, TX",48355,1944,8311,21242,21321,231,1509,3031,21326,9.116916006190499,39.12531776668864,1.0834388630927254,7.07586983025415,14.212698114977023,48355,TX,"Nueces, TX",2.0,1,353125.0,66021.0,17.7,19.4,39.0,2.0,2.0,420.9,11.044247787610619,0.5663716814159292,0.5663716814159292,6.044768319130293,9.708591380043247,-0.5916753738527483
9405,"Parker County, TX",48367,606,2194,9282,9201,255,356,1613,9420,6.443381180223286,23.637147166558933,2.7714378871861753,3.7791932059447984,17.123142250530787,48367,TX,"Parker, TX",1.0,1,179707.0,102099.0,7.8,15.7,4.0,0.0,1.0,164.0,2.2258454039074715,0.0,0.5564613509768679,5.10594547390058,8.029833589960786,-1.5864524097375003
7720,"Potter County, TX",48375,743,2879,7708,7727,583,765,863,7721,9.624352331606218,37.35080435910742,7.544972175488547,9.90804299961145,11.17730863877736,48375,TX,"Potter, TX",2.0,1,114649.0,50448.0,20.9,22.9,34.0,3.0,2.0,130.5,29.655731842405952,2.6166822213887606,1.7444548142591736,4.879006851617819,11.81931966472947,-2.1949673331232518
8489,"Randall County, TX",48381,717,1751,8467,8484,422,458,990,8477,8.44622452585699,20.680288177630803,4.9740688354549745,5.40285478353191,11.678659903267665,48381,TX,"Randall, TX",2.0,1,150547.0,80905.0,9.5,13.0,9.0,0.0,0.0,154.2,5.9781994991597305,0.0,0.0,5.0447146077491185,8.397937373995207,0.048287151861783784
15249,"Smith County, TX",48423,1221,4137,14743,15203,260,866,2240,15251,8.007082431634862,28.06077460489724,1.7101887785305532,5.67831617598846,14.687561471378926,48423,TX,"Smith, TX",3.0,1,249091.0,71923.0,12.2,18.6,30.0,5.0,2.0,253.4,12.043791224893713,2.007298537482286,0.8029194149929143,5.538907831465967,8.243096094213726,-0.23601366257886447
136826,"Tarrant County, TX",48439,11870,48379,132175,136603,1720,6826,24712,136892,8.675251779632527,36.602231889540384,1.2591231524929907,4.986412646465827,18.052187125617277,48439,TX,"Tarrant, TX",1.0,1,2230708.0,81905.0,10.9,18.2,223.0,38.0,13.0,2439.2,9.996826119779012,1.7034950338636883,0.5827746168481038,7.799835282141234,8.755837164296242,-0.08058538466371523
9663,"Taylor County, TX",48441,877,2860,9520,9650,449,678,1031,9660,9.075856359308704,30.04201680672269,4.652849740932642,7.0186335403726705,10.67287784679089,48441,TX,"Taylor, TX",3.0,1,148813.0,66406.0,13.5,18.7,15.0,2.0,1.0,156.4,10.079764536700424,1.3439686048933897,0.6719843024466948,5.058790335983303,8.614583943668519,0.4612724156401846
7356,"Tom Green County, TX",48451,581,1327,7357,7363,197,505,854,7368,7.89831430125068,18.037243441620227,2.6755398614695096,6.853963083604778,11.590662323561347,48451,TX,"Tom Green, TX",3.0,1,120103.0,66254.0,11.7,18.1,11.0,4.0,1.0,78.9,9.158805358733753,3.330474675903183,0.8326186689757957,4.380775852772229,8.187079089020274,-0.2887647877695949
80069,"Travis County, TX",48453,6068,15977,79000,79964,452,3345,21002,80102,7.578463575166419,20.224050632911393,0.5652543644640088,4.175925694739208,26.219070684876783,48453,TX,"Travis, TX",1.0,1,1363767.0,97169.0,11.0,12.8,212.0,41.0,5.0,1297.9,15.545177438668043,3.006378655591461,0.3666315433648123,7.169273031413239,8.997782089853112,-1.4193185146866938
21880,"Webb County, TX",48479,1891,6528,21713,21874,0,2086,2761,21889,8.642595978062158,30.06493805554276,0.0,9.529900863447393,12.61364155511901,48479,TX,"Webb, TX",2.0,1,272823.0,62506.0,21.0,27.1,15.0,1.0,2.0,79.5,5.498070177367744,0.3665380118245163,0.7330760236490326,4.388257184424518,8.840436886274999,-0.19784090821284117
7608,"Wichita County, TX",48485,621,1431,7615,7621,466,547,820,7607,8.162460567823343,18.791858174655285,6.114683112452434,7.1907453661101615,10.779545155777573,48485,TX,"Wichita, TX",3.0,1,129984.0,62168.0,15.9,16.8,13.0,3.0,1.0,206.1,10.001230920728704,2.3079763663220088,0.7693254554406695,5.333201768401539,9.06064005392934,-0.8981794861059971
40368,"Williamson County, TX",48491,3039,7434,39707,40283,263,904,9682,40373,7.5282401902497025,18.7221396731055,0.6528808678598913,2.2391202040967975,23.981373690337602,48491,TX,"Williamson, TX",1.0,1,727480.0,108309.0,6.3,10.4,53.0,5.0,4.0,545.8,7.285423654258536,0.687304118326277,0.5498432946610217,6.304083104849794,7.55342306378547,-0.025182873535767314
10281,"Cache County, UT",49005,661,1286,10182,10274,92,196,1304,10285,6.429335667736601,12.630131604792771,0.8954642787619232,1.9056878949927079,12.678658240155567,49005,UT,"Cache, UT",3.0,1,145487.0,78292.0,13.1,8.1,10.0,5.0,1.0,114.3,6.873466357818911,3.4367331789094555,0.6873466357818911,4.747537427275013,6.810747142212971,-0.38141147447637014
23661,"Davis County, UT",49011,1795,3581,23317,23591,363,473,3827,23668,7.586323485905075,15.357893382510614,1.5387223941333559,1.9984789589318912,16.169511576812575,49011,UT,"Davis, UT",2.0,0,378470.0,108058.0,6.0,6.0,21.0,11.0,2.0,1212.7,5.548656432478135,2.9064390836790235,0.5284434697598225,7.101428824112316,7.319100972225155,0.2672225136799202
73766,"Salt Lake County, UT",49035,5711,15547,72426,73540,1207,2514,14333,73797,7.742049182550226,21.466048104271948,1.6412836551536578,3.4066425464449774,19.422198734365896,49035,UT,"Salt Lake, UT",1.0,1,1216274.0,94658.0,8.4,10.4,159.0,76.0,6.0,1597.2,13.072712234249849,6.24859201133955,0.4933098956320698,7.376633274940362,8.697775958411686,-0.9557267758614598
60551,"Utah County, UT",49049,4010,10606,59956,60513,385,924,7664,60559,6.622516556291391,17.689639068650344,0.6362269264455571,1.5257847718753612,12.655426939018147,49049,UT,"Utah, UT",2.0,1,747234.0,96877.0,8.7,8.0,41.0,18.0,4.0,329.0,5.486902362579861,2.4088839640594513,0.535307547568767,5.799092654460526,6.662125023214623,-0.039608466923231944
11707,"Washington County, UT",49053,737,3807,11576,11700,137,350,1596,11723,6.2953788331767315,32.88700760193504,1.170940170940171,2.985583894907447,13.614262560777957,49053,UT,"Washington, UT",3.0,1,207943.0,76411.0,9.9,11.7,18.0,5.0,1.0,74.3,8.656218290589248,2.4045050807192356,0.4809010161438471,4.321480134805848,7.517619135792576,-1.2222403026158446
17409,"Weber County, UT",49057,1418,2833,17106,17308,451,580,2137,17420,8.145212246539147,16.56144043025839,2.605731453663046,3.3295063145809416,12.267508610792193,49057,UT,"Weber, UT",2.0,1,276118.0,87083.0,7.5,9.0,20.0,6.0,1.0,455.0,7.243280046936455,2.1729840140809364,0.3621640023468227,6.1224928095143865,7.613945067771464,0.531267178767683
6795,"Chittenden County, VT",50007,421,683,6772,6761,330,107,2187,6803,6.195732155997057,10.085646780862374,4.880934772962579,1.5728355137439365,32.14758194914008,50007,VT,"Chittenden, VT",3.0,1,170851.0,94310.0,10.4,4.4,50.0,20.0,1.0,313.3,29.265266226126858,11.706106490450743,0.5853053245225371,5.750347943803522,7.089050144244981,-0.8933179882479241
12181,"Arlington County, VA",51013,779,3379,11626,12188,0,142,4866,12200,6.395205648140546,29.064166523309822,0.0,1.1639344262295082,39.885245901639344,51013,VA,"Arlington, VA",1.0,1,239807.0,140160.0,7.1,4.8,41.0,6.0,0.0,9179.5,17.09708223696556,2.5020120346778865,0.0,9.124836948362242,7.346088389160848,-0.950882741020302
20394,"Chesterfield County, VA",51041,1676,3301,20290,20407,365,629,4753,20397,8.218103363734432,16.269098077870872,1.7886019503111676,3.083786831396774,23.302446438201695,51041,VA,"Chesterfield, VA",1.0,0,389793.0,98910.0,6.8,7.0,41.0,5.0,0.0,860.8,10.518403357679588,1.2827321167901937,0.0,6.759023225181737,8.443728860118446,-0.22562549638401386
61848,"Fairfax County, VA",51059,4368,13986,59734,61856,81,1209,21195,61868,7.062475746992627,23.41380118525463,0.13094930160372478,1.9541604706795113,34.258421154716494,51059,VA,"Fairfax, VA",1.0,1,1160925.0,150113.0,5.9,7.6,241.0,34.0,2.0,2941.8,20.75930831018369,2.9286990977022636,0.17227641751189784,7.98711678805811,7.880378191596404,-0.817902444603777
18379,"Henrico County, VA",51087,1587,2167,18186,18382,416,439,4522,18372,8.634854997551553,11.91575937534367,2.263083451202263,2.3895057696494666,24.613542347049858,51087,VA,"Henrico, VA",1.0,0,338696.0,86397.0,8.4,6.8,61.0,6.0,1.0,1431.0,18.010251080615063,1.7715001062900062,0.29525001771500103,7.266827347520591,7.914492173588773,0.7203628239627804
23615,"Loudoun County, VA",51107,1587,3773,23135,23620,52,264,7724,23619,6.720304890959136,16.308623298033282,0.2201524132091448,1.117744189000381,32.70248528726872,51107,VA,"Loudoun, VA",1.0,1,443380.0,178707.0,4.0,5.6,45.0,22.0,1.0,816.2,10.14930759168208,4.961883711489016,0.2255401687040462,6.705883862943467,6.952676108927366,-0.2323712179682298
31114,"Prince William County, VA",51153,2404,8922,30225,31120,166,881,7886,31119,7.726425403355402,29.51861042183623,0.5334190231362468,2.8310678363700634,25.341431279925448,51153,VA,"Prince William, VA",1.0,1,497003.0,128873.0,6.1,9.9,19.0,7.0,1.0,1438.3,3.8229145498115704,1.4084422025621575,0.20120602893745107,7.271912163268625,8.35433169500153,-0.627906291646128
8033,"Spotsylvania County, VA",51177,633,1576,7878,8043,307,262,1527,8040,7.879995020540272,20.005077430820005,3.81698371254507,3.2587064676616917,18.992537313432837,51177,VA,"Spotsylvania, VA",1.0,0,152021.0,109576.0,7.0,8.0,11.0,3.0,1.0,348.9,7.235842416508246,1.9734115681386124,0.6578038560462042,5.857647399373643,7.896434752577716,-0.016439732037444088
9119,"Stafford County, VA",51179,756,1898,8983,9117,190,216,2227,9116,8.290382717403224,21.1287988422576,2.084018865854996,2.369460289600702,24.429574374725757,51179,VA,"Stafford, VA",1.0,1,168919.0,133792.0,5.1,6.0,6.0,2.0,1.0,582.9,3.5519982950408187,1.1839994316802729,0.5919997158401364,6.369729735289492,7.492760040116705,0.7976226772865189
11314,"Alexandria city, VA",51510,763,2443,11020,11326,15,203,3955,11323,6.7438571681103054,22.16878402903811,0.13243863676496556,1.7928110924666607,34.928905767022876,51510,VA,"Alexandria City, VA",1.0,1,159102.0,113638.0,8.4,8.1,24.0,21.0,1.0,10677.2,15.084662669231058,13.199079835577177,0.6285276112179607,9.275959558983995,7.477134050207499,-0.7332768820971935
13917,"Chesapeake city, VA",51550,1281,1662,13799,13919,283,416,2798,13911,9.20456995042035,12.04435103993043,2.0331920396580214,2.9904392207605492,20.11357918194235,51550,VA,"Chesapeake City, VA",1.0,1,254997.0,94189.0,8.7,6.8,29.0,6.0,0.0,736.9,11.372682815876265,2.3529688584571584,0.0,6.603808314064321,8.010799539246,1.1937704111743503
7802,"Hampton city, VA",51650,820,1730,7657,7804,275,304,1205,7800,10.510125608818251,22.593705106438552,3.5238339313172733,3.8974358974358974,15.448717948717949,51650,VA,"Hampton City, VA",1.0,1,137596.0,67758.0,13.0,6.1,6.0,9.0,1.0,2665.1,4.3605918776708625,6.540887816506293,0.7267653129451437,7.88837200941254,8.681716791421202,1.8284088173970492
12425,"Newport News city, VA",51700,1260,3249,12218,12429,513,580,1835,12428,10.140845070422536,26.591913570142413,4.127443881245474,4.6668812359188925,14.76504666881236,51700,VA,"Newport News City, VA",1.0,1,183056.0,66718.0,15.1,7.1,22.0,10.0,0.0,2699.7,12.018180229000961,5.462809195000437,0.0,7.901266277649805,9.796626203153235,0.3442188672693014
15241,"Norfolk city, VA",51710,1693,2811,14984,15253,476,678,2243,15257,11.108195000328063,18.760010678056595,3.1206975676916016,4.443861833912303,14.701448515435537,51710,VA,"Norfolk City, VA",1.0,1,231105.0,64017.0,17.3,8.1,57.0,10.0,2.0,4467.5,24.664113714545337,4.327037493779884,0.8654074987559768,8.404808060821447,10.348508760136756,0.7596862401913071
14664,"Richmond city, VA",51760,1632,3279,14570,14687,494,795,2955,14687,11.129296235679215,22.505147563486616,3.3635187580853816,5.412950228092871,20.11983386668482,51760,VA,"Richmond City, VA",1.0,1,233655.0,62671.0,18.8,8.6,74.0,14.0,1.0,3781.6,31.670625494853525,5.991739958485802,0.42798142560612873,8.238166882854355,11.671106436675393,-0.5418102009961778
25395,"Virginia Beach city, VA",51810,2189,3666,25225,25404,516,561,5198,25398,8.619807048631621,14.533201189296333,2.031176192725555,2.208835341365462,20.466178439247184,51810,VA,"Virginia Beach City, VA",1.0,0,454808.0,90685.0,8.4,7.2,45.0,4.0,1.0,1877.5,9.894285060948796,0.8794920054176708,0.2198730013544177,7.538228865014023,7.939294936344552,0.6805121122870688
12594,"Benton County, WA",53005,814,3059,11920,12058,327,498,2008,12621,6.463395267587741,25.66275167785235,2.711892519489136,3.9458046113620155,15.909991284367324,53005,WA,"Benton, WA",2.0,1,218190.0,87316.0,11.1,8.3,17.0,13.0,2.0,121.7,7.791374490123286,5.958109904211925,0.9166322929556807,4.809742351716865,7.9579812980337605,-1.49458603044602
27635,"Clark County, WA",53011,1900,6114,26576,26852,1122,743,5481,27654,6.875339243712683,23.005719446116796,4.178459705049903,2.686772257177985,19.81991755261445,53011,WA,"Clark, WA",1.0,1,527269.0,94948.0,8.4,6.9,53.0,39.0,2.0,800.8,10.051795193724645,7.396604010476626,0.3793130261782885,6.686859200208406,7.875244292318198,-0.9999050486055143
6114,"Cowlitz County, WA",53015,434,1221,6011,5864,550,251,854,6116,7.098462544978737,20.3127599401098,9.379263301500682,4.103989535644212,13.963374754741661,53015,WA,"Cowlitz, WA",3.0,1,113982.0,72932.0,13.0,7.5,6.0,1.0,1.0,97.0,5.263989050902774,0.8773315084837956,0.8773315084837956,4.584967478670572,7.886489235236564,-0.7880266902578263
115351,"King County, WA",53033,8250,22319,103896,112545,1344,1657,38298,115527,7.152083640367227,21.482058982058984,1.1941889910702386,1.4342967444839734,33.150692046015216,53033,WA,"King, WA",1.0,1,2340211.0,122148.0,8.4,5.7,360.0,132.0,11.0,1073.0,15.383228264459914,5.640517030301968,0.47004308585849736,6.97914527506881,7.135643098066991,0.01644054230023606
13913,"Kitsap County, WA",53035,963,3984,13182,13053,498,362,2768,13929,6.921584129950406,30.22303140646336,3.8152148931280165,2.598894392993036,19.872209060234045,53035,WA,"Kitsap, WA",2.0,1,281420.0,98546.0,8.3,7.1,19.0,7.0,1.0,697.6,6.751474664202971,2.4873854026010944,0.35534077180015633,6.549078332372732,7.766295790695068,-0.8447116607446619
53931,"Pierce County, WA",53053,3826,15991,52506,53344,2109,1463,10706,54077,7.094250060262187,30.45556698282101,3.953584283143371,2.705401557039037,19.797695878099745,53053,WA,"Pierce, WA",1.0,1,941170.0,96632.0,8.9,6.6,105.0,47.0,3.0,552.3,11.156326699746062,4.993784332267285,0.31875219142131606,6.315900349904064,7.790648497026253,-0.6963984367640661
6831,"Skagit County, WA",53057,426,1738,6535,6702,219,274,1248,6833,6.236275801493193,26.595256312165265,3.2676812891674127,4.0099517049612174,18.26430557588175,53057,WA,"Skagit, WA",3.0,1,132736.0,85474.0,11.6,8.5,8.0,6.0,1.0,74.9,6.027000964320154,4.520250723240116,0.7533751205400192,4.3294166844015844,8.197069420722592,-1.960793619229399
48602,"Snohomish County, WA",53061,3389,7546,36062,47370,1310,841,12312,48684,6.972964075552446,20.925073484554378,2.7654633734431076,1.7274669295867224,25.28962287404486,53061,WA,"Snohomish, WA",1.0,1,864113.0,107982.0,7.9,6.7,33.0,22.0,2.0,396.8,3.8189449759464327,2.545963317297622,0.23145121066342017,5.985949366419872,7.191951926786149,-0.21898785123370246
29164,"Spokane County, WA",53063,2019,4897,25729,28132,1647,929,4885,29177,6.92291866684954,19.032997784601033,5.8545428693303,3.1840148061829523,16.742639750488397,53063,WA,"Spokane, WA",2.0,1,555947.0,73513.0,12.2,6.2,47.0,29.0,3.0,305.7,8.454043281104134,5.216324577702551,0.5396197839002639,5.725870071120206,7.669699832727944,-0.7467811658784038
14857,"Thurston County, WA",53067,964,4070,14136,14773,661,389,2967,14905,6.488523928114693,28.79173740803622,4.474378934542747,2.609862462260986,19.90607178799061,53067,WA,"Thurston, WA",2.0,1,302912.0,93985.0,9.7,6.7,26.0,16.0,2.0,408.0,8.583350940207058,5.282062117050497,0.6602577646313121,6.013715156042802,7.750275374431158,-1.261751446316465
9947,"Whatcom County, WA",53073,556,1992,9764,9751,304,248,2288,9954,5.589625012566603,20.40147480540762,3.1176289611321915,2.4914607193088205,22.98573437813944,53073,WA,"Whatcom, WA",3.0,1,234954.0,80989.0,12.7,7.8,20.0,8.0,1.0,107.6,8.512304536207086,3.404921814482835,0.42561522681035435,4.687671407499835,7.466224149428231,-1.8765991368616284
16887,"Yakima County, WA",53077,1132,3362,16409,16667,437,1062,2546,16913,6.703381299224255,20.488756170394296,2.621947561048779,6.279193519777686,15.053509134984923,53077,WA,"Yakima, WA",2.0,1,258523.0,68015.0,15.4,13.9,15.0,4.0,2.0,59.8,5.80219168120438,1.5472511149878347,0.7736255574939174,4.107589788972121,8.44531486177823,-1.7419335625539754
7694,"Berkeley County, WV",54003,683,1549,7667,7694,637,268,1082,7695,8.877047049649077,20.203469414373288,8.279178580712243,3.4827810266406756,14.061078622482132,54003,WV,"Berkeley, WV",2.0,1,136287.0,77329.0,11.4,7.2,9.0,9.0,1.0,380.1,6.6037112857425875,6.6037112857425875,0.733745698415843,5.943061807879815,8.120625154865092,0.7564218947839851
8369,"Kanawha County, WV",54039,929,1567,8270,8348,1378,518,1022,8369,11.100489903214243,18.94800483675937,16.506947771921418,6.189508901899869,12.211733779424065,54039,WV,"Kanawha, WV",3.0,1,173906.0,58887.0,16.1,7.5,26.0,5.0,1.0,200.5,14.95060549952273,2.8751164422159095,0.575023288443182,5.305789381386738,9.770217551437304,1.330272351776939
14860,"Brown County, WI",55009,1089,1814,14747,14827,776,521,2353,14864,7.3283983849259755,12.300806943785176,5.233695285627571,3.505113024757804,15.830193756727665,55009,WI,"Brown, WI",2.0,1,273909.0,77490.0,9.8,6.6,38.0,13.0,3.0,507.0,13.873220668178117,4.746101807534619,1.0952542632772198,6.230481447578482,8.135150333778672,-0.8067519488526962
27894,"Dane County, WI",55025,2037,3815,27399,27629,742,561,6968,27904,7.302645730264573,13.923865834519509,2.6855839878388648,2.0104644495412844,24.97133027522936,55025,WI,"Dane, WI",2.0,1,588347.0,88108.0,10.5,4.6,112.0,36.0,2.0,469.3,19.036384990490305,6.118838032657599,0.33993544625875544,6.153370788951002,7.303465198319033,-0.0008194680544599819
4999,"Fond du Lac County, WI",55039,356,823,4896,5005,358,169,742,5007,7.121424284856971,16.809640522875817,7.152847152847153,3.3752746155382463,14.81925304573597,55039,WI,"Fond du Lac, WI",3.0,1,104269.0,73154.0,8.7,5.6,10.0,1.0,1.0,144.8,9.590578215960642,0.9590578215960641,0.9590578215960641,4.982235819574558,7.671266571456016,-0.5498422865990449
8391,"Kenosha County, WI",55059,644,1383,8276,8372,404,343,1426,8390,7.674889762841139,16.710971483808603,4.82560917343526,4.088200238379023,16.99642431466031,55059,WI,"Kenosha, WI",3.0,1,168754.0,79412.0,10.5,6.5,10.0,0.0,2.0,622.3,5.925785462863102,0.0,1.1851570925726205,6.435027943814805,8.393080288231124,-0.7181905253899847
5575,"La Crosse County, WI",55063,385,669,5576,5575,302,121,1008,5581,6.9058295964125564,11.997847919655667,5.417040358744394,2.168070238308547,18.06127934061996,55063,WI,"La Crosse, WI",3.0,1,121060.0,70704.0,12.4,5.1,21.0,24.0,2.0,267.3,17.34677019659673,19.824880224681976,1.6520733520568314,5.592105757431579,7.421944812184684,-0.5161152157721274
7109,"Marathon County, WI",55073,487,1116,7087,7069,461,181,1123,7120,6.850471233647489,15.747142655566531,6.52143160277267,2.542134831460674,15.77247191011236,55073,WI,"Marathon, WI",3.0,1,139091.0,76185.0,8.9,6.8,6.0,2.0,2.0,89.3,4.313722670769496,1.4379075569231654,1.4379075569231654,4.5031374604229395,6.942306205351046,-0.09183497170355714
58709,"Milwaukee County, WI",55079,6517,12981,56716,58174,2377,3169,10716,58769,11.100512698223442,22.88772127794626,4.086017808643036,5.392298660858616,18.23410301349351,55079,WI,"Milwaukee, WI",1.0,1,924740.0,62118.0,17.5,7.7,147.0,71.0,4.0,3890.5,15.896360057962237,7.677833769491965,0.4325540151826459,8.266549966399444,10.420400074286672,0.6801126239367701
10482,"Outagamie County, WI",55087,697,1181,10340,10432,546,199,1720,10481,6.649494371303186,11.421663442940039,5.233895705521473,1.8986737906688294,16.410647838946666,55087,WI,"Outagamie, WI",3.0,1,195390.0,82857.0,6.4,5.2,13.0,4.0,2.0,299.1,6.65335994677312,2.047187675930191,1.0235938379650955,5.704115752446321,6.927250515742771,-0.27775614443958485
10565,"Racine County, WI",55101,986,1946,10420,10558,599,527,1719,10569,9.332702318977757,18.675623800383878,5.673422996779693,4.98628063203709,16.264547260857224,55101,WI,"Racine, WI",3.0,1,198651.0,75331.0,10.8,7.2,18.0,1.0,1.0,594.4,9.06111723575517,0.5033954019863982,0.5033954019863982,6.389233448581676,8.463296164411924,0.8694061545658336
9027,"Rock County, WI",55105,747,1583,8915,9016,702,387,1287,9034,8.275174476570289,17.756590016825577,7.786157941437445,4.2838166924950185,14.246181093646225,55105,WI,"Rock, WI",3.0,1,165461.0,74390.0,10.0,6.6,8.0,1.0,3.0,227.9,4.834976217960728,0.604372027245091,1.8131160817352732,5.433285226958521,8.052371331908695,0.22280314466159368
5561,"Sheboygan County, WI",55117,421,673,5494,5462,322,143,982,5570,7.57058083078583,12.249726974881689,5.8952764555108015,2.5673249551166966,17.63016157989228,55117,WI,"Sheboygan, WI",3.0,1,118331.0,71898.0,8.1,5.4,9.0,1.0,2.0,230.8,7.605783776018118,0.8450870862242353,1.6901741724484707,5.445874930905651,7.139220579242587,0.43136025154324287
4434,"Walworth County, WI",55127,293,609,4404,4437,226,110,791,4444,6.608028867839423,13.8283378746594,5.093531665539779,2.4752475247524752,17.7992799279928,55127,WI,"Walworth, WI",4.0,1,106029.0,77359.0,9.7,7.8,6.0,2.0,2.0,191.7,5.658829188240953,1.8862763960803177,1.8862763960803177,5.2611345754203205,7.061431476128581,-0.45340260828915824
6197,"Washington County, WI",55131,409,548,6113,6196,230,72,1258,6216,6.5999677263191865,8.964501881236709,3.7120723047127178,1.1583011583011582,20.238095238095237,55131,WI,"Washington, WI",1.0,0,138727.0,95851.0,5.3,4.3,8.0,1.0,1.0,317.6,5.766721690802799,0.7208402113503499,0.7208402113503499,5.763936397475948,6.52766621155656,0.0723015147626267
18727,"Waukesha County, WI",55133,1243,1635,18414,18684,356,182,4863,18734,6.637475303038394,8.879113717823396,1.9053735816741597,0.9714956763104516,25.95815095548201,55133,WI,"Waukesha, WI",1.0,0,417029.0,104100.0,5.2,3.9,69.0,1.0,5.0,740.3,16.545611935860578,0.2397914773313127,1.1989573866565635,6.608405401662674,6.997024364721457,-0.35954906168306344
8450,"Winnebago County, WI",55139,628,1072,8328,8399,625,220,1395,8447,7.431952662721893,12.87223823246878,7.441362066912728,2.6044749615248017,16.51473896057772,55139,WI,"Winnebago, WI",3.0,0,173307.0,72873.0,10.9,5.7,22.0,8.0,3.0,395.1,12.694236239736421,4.616085905358698,1.7310322145095118,5.981666704627871,7.424108543809012,0.007844118912880838
